Date,Time,Rud,Ele,Thr,Ail,S1,6P,S2,L1,L2,LS,RS,SA,SB,SC,SD,SE,SF,SG,SH,LSW,TxBat(V)
2017-03-06,20:38:24.520,0,0,0,0,0,-1024,0,0,0,0,0,-1,0,0,0,0,1,0,-1,0x0000000000004009,5.6
2017-03-06,20:38:24.740,0,0,0,0,0,-1024,0,0,0,0,0,-1,0,0,0,0,1,0,-1,0x0000000000004009,5.6
2017-03-06,20:38:24.940,0,0,0,0,0,-1024,0,0,0,0,0,-1,0,0,0,0,1,0,-1,0x0000000000004009,5.6
2017-03-06,20:38:25.140,0,0,0,0,0,-1024,0,0,0,0,0,-1,0,0,0,0,1,0,-1,0x0000000000004009,5.6
2017-03-06,20:38:25.340,0,0,0,0,0,-1024,0,0,0,0,0,-1,0,0,0,0,1,0,-1,0x0000000000004009,5.6
2017-03-06,20:38:25.540,0,0,0,0,0,-1024,0,0,0,0,0,-1,0,0,0,0,1,0,-1,0x0000000000004009,5.6
2017-03-06,20:38:25.740,0,0,0,0,0,-1024,0,0,0,0,0,-1,0,0,0,0,1,0,-1,0x0000000000004009,5.6
2017-03-06,20:38:25.940,0,0,0,0,0,-1024,0,0,0,0,0,-1,0,0,0,0,1,0,-1,0x0000000000004009,5.6
2017-03-06,20:38:26.140,0,0,0,0,0,-1024,0,0,0,0,0,-1,0,0,0,0,1,0,-1,0x0000000000004009,5.6
2017-03-06,20:38:26.340,0,0,0,0,0,-1024,0,0,0,0,0,-1,0,0,0,0,1,0,-1,0x0000000000004009,5.6
2017-03-06,20:38:26.540,0,0,0,0,0,-1024,0,0,0,0,0,-1,0,0,0,0,1,0,-1,0x0000000000004009,5.6
2017-03-06,20:38:57.610,0,0,0,0,0,-1024,0,0,0,0,0,-1,1,0,0,0,1,0,-1,0x0000000000004009,5.6
2017-03-06,20:38:57.820,0,0,0,0,0,-1024,0,0,0,0,0,-1,1,0,0,0,1,0,-1,0x0000000000004009,5.6
2017-03-06,20:38:58.020,0,0,0,0,0,-1024,0,0,0,0,0,-1,1,0,0,0,1,0,-1,0x0000000000004009,5.6
2017-03-06,20:38:58.220,0,0,0,0,0,-1024,0,0,0,0,0,-1,1,0,0,0,1,0,-1,0x0000000000004009,5.6
2017-03-06,20:38:58.420,0,0,0,0,0,-1024,0,0,0,0,0,-1,1,0,0,0,1,0,-1,0x0000000000004009,5.6
2017-03-06,20:38:58.620,0,0,0,0,0,-1024,0,0,0,0,0,-1,1,0,0,0,1,0,-1,0x0000000000004009,5.6
2017-03-06,20:38:58.820,0,0,0,0,0,-1024,0,0,0,0,0,-1,1,0,0,0,1,0,-1,0x0000000000004009,5.6
2017-03-06,20:38:59.020,0,0,0,0,0,-1024,0,0,0,0,0,-1,1,0,0,0,1,0,-1,0x0000000000004009,5.6
2017-03-06,20:38:59.220,0,0,0,0,0,-1024,0,0,0,0,0,-1,1,0,0,0,1,0,-1,0x0000000000004009,5.6
2017-03-06,20:38:59.420,61,0,352,0,0,-1024,0,0,0,0,0,-1,1,0,0,0,1,0,-1,0x0000000000004009,5.6
2017-03-06,20:38:59.660,81,0,547,0,0,-1024,0,0,0,0,0,-1,1,0,0,0,1,0,-1,0x0000000000004009,5.6
2017-03-06,20:38:59.860,542,0,391,0,0,-1024,0,0,0,0,0,-1,1,0,0,0,1,0,-1,0x0000000000004009,5.6
2017-03-06,20:39:00.060,552,0,378,0,0,-1024,0,0,0,0,0,-1,1,0,0,0,1,0,-1,0x0000000000004009,5.6
2017-03-06,20:39:00.260,102,0,926,0,0,-1024,0,0,0,0,0,-1,1,0,0,0,1,0,-1,0x0000000000004009,5.6
2017-03-06,20:39:00.470,153,0,991,0,0,-1024,0,0,0,0,0,-1,1,0,0,0,1,0,-1,0x0000000000004009,5.6
2017-03-06,20:39:00.670,81,0,1024,0,0,-1024,0,0,0,0,0,-1,1,0,0,0,1,0,-1,0x0000000000004009,5.6
2017-03-06,20:39:00.870,-102,0,1024,0,0,-1024,0,0,0,0,0,-1,1,0,0,0,1,0,-1,0x0000000000004009,5.6
2017-03-06,20:39:01.110,-102,0,1024,0,0,-1024,0,0,0,0,0,-1,1,0,0,0,1,0,-1,0x0000000000004009,5.6
2017-03-06,20:39:01.310,-102,0,1024,0,0,-1024,0,0,0,0,0,-1,1,0,0,0,1,0,-1,0x0000000000004009,5.6
2017-03-06,20:39:01.510,-102,0,1024,0,0,-1024,0,0,0,0,0,-1,1,0,0,0,1,0,-1,0x0000000000004009,5.6
2017-03-06,20:39:01.740,0,0,204,0,0,-1024,0,0,0,0,0,-1,1,0,0,0,1,0,-1,0x0000000000004009,5.6
2017-03-06,20:39:01.980,0,0,0,0,0,-1024,0,0,0,0,0,-1,1,0,0,0,1,0,-1,0x0000000000004009,5.6
2017-03-06,20:39:02.180,0,0,0,0,0,-1024,0,0,0,0,0,-1,1,0,0,0,1,0,-1,0x0000000000004009,5.6
2017-03-06,20:39:02.380,0,0,0,0,0,-1024,0,0,0,0,0,-1,1,0,0,0,1,0,-1,0x0000000000004009,5.6
2017-03-06,20:39:02.580,0,0,0,0,0,-1024,0,0,0,0,0,-1,1,0,0,0,1,0,-1,0x0000000000004009,5.6
2017-03-06,20:39:02.790,10,0,873,0,0,-1024,0,0,0,0,0,-1,1,0,0,0,1,0,-1,0x0000000000004009,5.6
2017-03-06,20:39:03.020,0,0,409,0,0,-1024,0,0,0,0,0,-1,1,0,0,0,1,0,-1,0x0000000000004009,5.6
2017-03-06,20:39:03.220,0,0,0,0,0,-1024,0,0,0,0,0,-1,0,0,0,0,1,0,-1,0x0000000000004009,5.6
2017-03-06,20:39:03.420,0,0,0,0,0,-1024,0,0,0,0,0,-1,0,0,0,0,1,0,-1,0x0000000000004009,5.6
2017-03-06,20:39:03.620,0,0,0,0,0,-1024,0,0,0,0,0,-1,0,0,0,0,1,0,-1,0x0000000000004009,5.6
2017-03-06,20:39:03.820,0,0,0,0,0,-1024,0,0,0,0,0,-1,0,0,0,0,1,0,-1,0x0000000000004009,5.6
2017-03-06,20:39:04.030,0,0,0,0,0,-1024,0,0,0,0,0,-1,0,0,0,0,1,0,-1,0x0000000000004009,5.6
2017-03-06,20:39:04.270,0,0,0,0,0,-1024,0,0,0,0,0,-1,0,0,0,0,1,0,-1,0x0000000000004009,5.6
2017-03-06,20:39:04.470,0,0,0,0,0,-1024,0,0,0,0,0,-1,0,0,0,0,1,0,-1,0x0000000000004009,5.6
2017-03-06,20:39:04.670,0,0,0,0,0,-1024,0,0,0,0,0,-1,0,0,0,0,1,0,-1,0x0000000000004009,5.6
2017-03-06,20:39:04.870,0,0,0,0,0,-1024,0,0,0,0,0,-1,0,0,0,0,1,0,-1,0x0000000000004009,5.6
2017-03-06,20:39:05.080,-102,0,1024,0,0,-1024,0,0,0,0,0,-1,0,0,0,0,1,0,-1,0x0000000000004009,5.6
2017-03-06,20:39:05.290,-204,0,1024,0,0,-1024,0,0,0,0,0,-1,0,0,0,0,1,0,-1,0x0000000000004009,5.6
2017-03-06,20:39:05.510,-194,0,1024,0,0,-1024,0,0,0,0,0,-1,0,0,0,0,1,0,-1,0x0000000000004009,5.6
2017-03-06,20:39:05.710,-194,0,1024,0,0,-1024,0,0,0,0,0,-1,0,0,0,0,1,0,-1,0x0000000000004009,5.6
2017-03-06,20:39:05.920,-143,0,-1024,0,0,-1024,0,0,0,0,0,-1,0,0,0,0,1,0,-1,0x000000000000400C,5.6
2017-03-06,20:39:06.120,-174,0,-91,0,0,-1024,0,0,0,0,0,-1,0,0,0,0,1,0,-1,0x0000000000004009,5.6
2017-03-06,20:39:06.320,-337,0,1024,0,0,-1024,0,0,0,0,0,-1,0,0,0,0,1,0,-1,0x0000000000004009,5.6
2017-03-06,20:39:06.520,-532,0,613,0,0,-1024,0,0,0,0,0,-1,0,0,0,0,1,0,-1,0x0000000000004009,5.6
2017-03-06,20:39:06.730,-1024,0,495,0,0,-1024,0,0,0,0,0,-1,0,0,0,0,1,0,-1,0x0000000000004009,5.6
2017-03-06,20:39:06.930,-204,0,1017,0,0,-1024,0,0,0,0,0,-1,0,0,0,0,1,0,-1,0x0000000000004009,5.6
2017-03-06,20:39:07.130,552,0,-678,0,0,-1024,0,0,0,0,0,-1,0,0,0,0,1,0,-1,0x0000000000004009,5.6
2017-03-06,20:39:07.330,10,0,1024,0,0,-1024,0,0,0,0,0,-1,0,0,0,0,1,0,-1,0x0000000000004009,5.6
2017-03-06,20:39:07.530,30,0,65,0,0,-1024,0,0,0,0,0,-1,0,0,0,0,1,0,-1,0x0000000000004009,5.6
2017-03-06,20:39:07.770,-1024,0,156,0,0,-1024,0,0,0,0,0,-1,0,0,0,0,1,0,-1,0x0000000000004009,5.6
2017-03-06,20:39:07.970,-1024,0,156,0,0,-1024,0,0,0,0,0,-1,0,0,0,0,1,0,-1,0x0000000000004009,5.6
2017-03-06,20:39:08.210,1024,0,378,0,0,-1024,0,0,0,0,0,-1,0,0,0,0,1,0,-1,0x0000000000004009,5.6
2017-03-06,20:39:08.410,1024,0,339,0,0,-1024,0,0,0,0,0,-1,0,0,0,0,1,0,-1,0x0000000000004009,5.6
2017-03-06,20:39:08.650,1024,0,391,0,0,-1024,0,0,0,0,0,-1,0,0,0,0,1,0,-1,0x0000000000004009,5.6
2017-03-06,20:39:08.890,1024,0,378,0,0,-1024,0,0,0,0,0,-1,0,0,0,0,1,0,-1,0x0000000000004009,5.6
2017-03-06,20:39:09.120,409,0,0,0,0,-1024,0,0,0,0,0,-1,0,0,0,0,1,0,-1,0x0000000000004009,5.6
2017-03-06,20:39:09.330,0,0,0,0,0,-1024,0,0,0,0,0,-1,0,0,0,0,1,0,-1,0x0000000000004009,5.6
2017-03-06,20:39:09.530,0,0,0,0,0,-1024,0,0,0,0,0,-1,0,0,0,0,1,0,-1,0x0000000000004009,5.6
2017-03-06,20:39:09.740,0,0,0,0,0,-1024,0,0,0,0,0,-1,0,0,0,0,1,0,-1,0x0000000000004009,5.6
2017-03-06,20:39:09.990,0,0,0,0,0,-1024,0,0,0,0,0,-1,0,0,0,0,1,0,-1,0x0000000000004009,5.6
2017-03-06,20:39:10.210,0,0,0,0,0,-1024,0,0,0,0,0,-1,-1,0,0,0,1,0,-1,0x0000000000004009,5.6
2017-03-06,20:39:10.410,0,0,0,0,0,-1024,0,0,0,0,0,-1,-1,0,0,0,1,0,-1,0x0000000000004009,5.6
2017-03-06,20:39:10.610,0,0,0,0,0,-1024,0,0,0,0,0,-1,-1,0,0,0,1,0,-1,0x0000000000004009,5.6
2017-03-06,20:39:10.810,0,0,0,0,0,-1024,0,0,0,0,0,-1,-1,0,0,0,1,0,-1,0x0000000000004009,5.6
2017-03-06,20:39:11.020,-122,0,1024,0,0,-1024,0,0,0,0,0,-1,-1,0,0,0,1,0,-1,0x0000000000004009,5.6
2017-03-06,20:39:11.220,-122,0,1024,0,0,-1024,0,0,0,0,0,-1,-1,0,0,0,1,0,-1,0x0000000000004009,5.6
2017-03-06,20:39:11.440,-153,0,1024,0,0,-1024,0,0,0,0,0,-1,-1,0,0,0,1,0,-1,0x0000000000004009,5.6
2017-03-06,20:39:11.660,-1024,0,1024,0,0,-1024,0,0,0,0,0,-1,-1,0,0,0,1,0,-1,0x0000000000004009,5.6
2017-03-06,20:39:11.860,-1024,0,495,0,0,-1024,0,0,0,0,0,-1,-1,0,0,0,1,0,-1,0x0000000000004009,5.6
2017-03-06,20:39:12.080,-1024,0,495,0,0,-1024,0,0,0,0,0,-1,-1,0,0,0,1,0,-1,0x0000000000004009,5.6
2017-03-06,20:39:12.280,1024,0,247,0,0,-1024,0,0,0,0,0,-1,-1,0,0,0,1,0,-1,0x0000000000004009,5.6
2017-03-06,20:39:12.480,1024,0,-600,0,0,-1024,0,0,0,0,0,-1,-1,0,0,0,1,0,-1,0x0000000000004009,5.6
2017-03-06,20:39:12.710,-337,0,-1024,0,0,-1024,0,0,0,0,0,-1,-1,0,0,0,1,0,-1,0x000000000000400C,5.6
2017-03-06,20:39:12.940,-552,0,1024,0,0,-1024,0,0,0,0,0,-1,-1,0,0,0,1,0,-1,0x0000000000004009,5.6
2017-03-06,20:39:13.180,-552,0,1024,0,0,-1024,0,0,0,0,0,-1,-1,0,0,0,1,0,-1,0x0000000000004009,5.6
2017-03-06,20:39:13.410,-174,0,614,0,0,-1024,0,0,0,0,0,-1,-1,0,0,0,1,0,-1,0x0000000000004009,5.6
2017-03-06,20:39:13.640,0,0,0,0,0,-1024,0,0,0,0,0,-1,-1,0,0,0,1,0,-1,0x0000000000004009,5.6
2017-03-06,20:39:13.850,0,0,0,0,0,-1024,0,0,0,0,0,-1,-1,0,0,0,1,0,-1,0x0000000000004009,5.6
2017-03-06,20:39:14.050,0,0,0,0,0,-1024,0,0,0,0,0,-1,-1,0,0,0,1,0,-1,0x0000000000004009,5.6
2017-03-06,20:39:14.250,0,0,0,0,0,-1024,0,0,0,0,0,-1,-1,0,0,0,1,0,-1,0x0000000000004009,5.6
2017-03-06,20:39:14.450,0,0,0,0,0,-1024,0,0,0,0,0,-1,-1,0,0,0,1,0,-1,0x0000000000004009,5.6
2017-03-06,20:39:14.660,0,0,0,0,0,-1024,0,0,0,0,0,-1,0,0,0,0,1,0,-1,0x0000000000004009,5.6
2017-03-06,20:39:14.880,0,0,0,0,0,-1024,0,0,0,0,0,-1,1,0,0,0,1,0,-1,0x0000000000004009,5.6
2017-03-06,20:39:15.080,0,0,0,0,0,-1024,0,0,0,0,0,-1,1,0,0,0,1,0,-1,0x0000000000004009,5.6
2017-03-06,20:39:15.280,0,0,0,0,0,-1024,0,0,0,0,0,-1,1,0,0,0,1,0,-1,0x0000000000004009,5.6
2017-03-06,20:39:15.480,0,0,0,0,0,-1024,0,0,0,0,0,-1,1,0,0,0,1,0,-1,0x0000000000004009,5.6
2017-03-06,20:39:15.680,0,0,0,0,0,-1024,0,0,0,0,0,-1,1,0,0,0,1,0,-1,0x0000000000004009,5.6
2017-03-06,20:39:15.880,0,0,0,0,0,-1024,0,0,0,0,0,-1,1,0,0,0,1,0,-1,0x0000000000004009,5.6
2017-03-06,20:39:16.080,-266,0,1024,0,0,-1024,0,0,0,0,0,-1,1,0,0,0,1,0,-1,0x0000000000004009,5.6
2017-03-06,20:39:16.300,1024,0,1024,0,0,-1024,0,0,0,0,0,-1,1,0,0,0,1,0,-1,0x0000000000004009,5.6
2017-03-06,20:39:16.500,768,0,1024,0,0,-1024,0,0,0,0,0,-1,1,0,0,0,1,0,-1,0x0000000000004009,5.6
2017-03-06,20:39:16.720,-1024,0,560,0,0,-1024,0,0,0,0,0,-1,1,0,0,0,1,0,-1,0x0000000000004009,5.6
2017-03-06,20:39:16.940,-962,0,1024,0,0,-1024,0,0,0,0,0,-1,1,0,0,0,1,0,-1,0x0000000000004009,5.6
2017-03-06,20:39:17.140,-174,0,581,0,0,-1024,0,0,0,0,0,-1,1,0,0,0,1,0,-1,0x0000000000004009,5.6
2017-03-06,20:39:17.340,0,0,0,0,0,-1024,0,0,0,0,0,-1,1,0,0,0,1,0,-1,0x0000000000004009,5.6
2017-03-06,20:39:17.550,0,0,0,0,0,-1024,0,0,0,0,0,-1,1,0,0,0,1,0,-1,0x0000000000004009,5.6
2017-03-06,20:39:17.750,0,0,0,0,0,-1024,0,0,0,0,0,-1,1,0,0,0,1,0,-1,0x0000000000004009,5.6
2017-03-06,20:39:17.950,0,0,0,0,0,-1024,0,0,0,0,0,-1,1,0,0,0,1,0,-1,0x0000000000004009,5.6
2017-03-06,20:39:18.150,0,0,0,0,0,-1024,0,0,0,0,0,-1,1,0,0,0,1,0,-1,0x0000000000004009,5.6
2017-03-06,20:39:18.370,0,0,0,0,0,-1024,0,0,0,0,0,-1,1,0,0,-1,1,0,-1,0x0000000000004009,5.6
2017-03-06,20:39:18.570,0,0,0,0,0,-1024,0,0,0,0,0,-1,1,0,0,-1,1,0,-1,0x0000000000004009,5.6
2017-03-06,20:39:18.770,0,0,0,0,0,-1024,0,0,0,0,0,-1,1,0,0,-1,1,0,-1,0x0000000000004009,5.6
2017-03-06,20:39:18.970,0,0,0,0,0,-1024,0,0,0,0,0,-1,1,0,0,-1,1,0,-1,0x0000000000004009,5.6
2017-03-06,20:39:19.170,0,0,0,0,0,-1024,0,0,0,0,0,-1,1,0,0,-1,1,0,-1,0x0000000000004009,5.6
2017-03-06,20:39:19.370,0,0,0,0,0,-1024,0,0,0,0,0,-1,1,0,0,-1,1,0,-1,0x0000000000004009,5.6
2017-03-06,20:39:19.570,0,0,0,0,0,-1024,0,0,0,0,0,-1,1,0,0,-1,1,0,-1,0x0000000000004009,5.6
2017-03-06,20:39:19.770,0,0,0,0,0,-1024,0,0,0,0,0,-1,1,0,0,-1,1,0,-1,0x0000000000004009,5.6
2017-03-06,20:39:19.970,0,0,0,0,0,-1024,0,0,0,0,0,-1,1,0,0,-1,1,0,-1,0x0000000000004009,5.6
2017-03-06,20:39:20.170,-51,0,117,0,0,-1024,0,0,0,0,0,-1,1,0,0,-1,1,0,-1,0x0000000000004009,5.6
2017-03-06,20:39:20.400,-348,0,1024,0,0,-1024,0,0,0,0,0,-1,1,0,0,-1,1,0,-1,0x0000000000004009,5.6
2017-03-06,20:39:20.620,-1024,0,1024,0,0,-1024,0,0,0,0,0,-1,1,0,0,-1,1,0,-1,0x0000000000004009,5.6
2017-03-06,20:39:20.850,-1024,0,613,0,0,-1024,0,0,0,0,0,-1,1,0,0,-1,1,0,-1,0x0000000000004009,5.6
2017-03-06,20:39:21.050,972,0,-600,0,0,-1024,0,0,0,0,0,-1,1,0,0,-1,1,0,-1,0x0000000000004009,5.6
2017-03-06,20:39:21.260,1024,0,-1024,0,0,-1024,0,0,0,0,0,-1,1,0,0,-1,1,0,-1,0x000000000000400C,5.6
2017-03-06,20:39:21.480,-716,0,-900,0,0,-1024,0,0,0,0,0,-1,1,0,0,-1,1,0,-1,0x0000000000004009,5.6
2017-03-06,20:39:21.710,1024,0,-104,0,0,-1024,0,0,0,0,0,-1,1,0,0,-1,1,0,-1,0x0000000000004009,5.6
2017-03-06,20:39:21.910,337,0,547,0,0,-1024,0,0,0,0,0,-1,1,0,0,-1,1,0,-1,0x0000000000004009,5.6
2017-03-06,20:39:22.110,0,0,0,0,0,-1024,0,0,0,0,0,-1,1,0,0,-1,1,0,-1,0x0000000000004009,5.6
2017-03-06,20:39:22.330,0,0,0,0,0,-1024,0,0,0,0,0,-1,1,0,0,-1,1,0,-1,0x0000000000004009,5.6
2017-03-06,20:39:22.530,0,0,0,0,0,-1024,0,0,0,0,0,-1,1,0,0,-1,1,0,-1,0x0000000000004009,5.6
2017-03-06,20:39:22.750,0,0,0,0,0,-1024,0,0,0,0,0,-1,1,0,0,0,1,0,-1,0x0000000000004009,5.6
2017-03-06,20:39:23.000,0,0,0,0,0,-1024,0,0,0,0,0,-1,1,0,0,0,1,0,-1,0x0000000000004009,5.6
2017-03-06,20:39:23.250,0,0,0,0,0,-1024,0,0,0,0,0,-1,1,0,0,0,1,0,-1,0x0000000000004009,5.6
2017-03-06,20:39:23.450,0,0,0,0,0,-1024,0,0,0,0,0,-1,1,0,0,0,1,0,-1,0x0000000000004009,5.6
2017-03-06,20:39:23.690,0,0,0,0,0,-1024,0,0,0,0,0,-1,1,0,0,0,1,0,-1,0x0000000000004009,5.6
2017-03-06,20:39:23.890,0,0,0,0,0,-1024,0,0,0,0,0,-1,1,0,0,0,1,0,-1,0x0000000000004009,5.6
2017-03-06,20:39:24.090,0,0,0,0,0,-1024,0,0,0,0,0,-1,1,0,0,0,1,0,-1,0x0000000000004009,5.6
2017-03-06,20:39:24.300,0,0,0,0,0,-1024,0,0,0,0,0,-1,1,0,0,0,1,0,-1,0x0000000000004009,5.6
2017-03-06,20:39:24.510,0,0,0,0,0,-1024,0,0,0,0,0,-1,1,0,0,1,1,0,-1,0x0000000000004009,5.6
2017-03-06,20:39:24.710,0,0,0,0,0,-1024,0,0,0,0,0,-1,1,0,0,1,1,0,-1,0x0000000000004009,5.6
2017-03-06,20:39:24.910,0,0,0,0,0,-1024,0,0,0,0,0,-1,1,0,0,1,1,0,-1,0x0000000000004009,5.6
2017-03-06,20:39:25.110,0,0,0,0,0,-1024,0,0,0,0,0,-1,1,0,0,1,1,0,-1,0x0000000000004009,5.6
2017-03-06,20:39:25.310,0,0,0,0,0,-1024,0,0,0,0,0,-1,1,0,0,1,1,0,-1,0x0000000000004009,5.6
2017-03-06,20:39:25.510,0,0,0,0,0,-1024,0,0,0,0,0,-1,1,0,0,1,1,0,-1,0x0000000000004009,5.6
2017-03-06,20:39:25.710,0,0,0,0,0,-1024,0,0,0,0,0,-1,1,0,0,1,1,0,-1,0x0000000000004009,5.6
2017-03-06,20:39:25.910,686,0,1024,0,0,-1024,0,0,0,0,0,-1,1,0,0,1,1,0,-1,0x0000000000004009,5.6
2017-03-06,20:39:26.140,1024,0,1024,0,0,-1024,0,0,0,0,0,-1,1,0,0,1,1,0,-1,0x0000000000004009,15.0
2017-03-06,20:39:26.380,-1024,0,1024,0,0,-1024,0,0,0,0,0,-1,1,0,0,1,1,0,-1,0x0000000000004009,15.0
2017-03-06,20:39:26.620,-1024,0,1024,0,0,-1024,0,0,0,0,0,-1,1,0,0,1,1,0,-1,0x0000000000004009,15.0
2017-03-06,20:39:26.830,-1024,0,1024,0,0,-1024,0,0,0,0,0,-1,1,0,0,1,1,0,-1,0x0000000000004009,15.0
2017-03-06,20:39:27.040,747,0,1024,0,0,-1024,0,0,0,0,0,-1,1,0,0,1,1,0,-1,0x0000000000004009,15.0
2017-03-06,20:39:27.240,204,0,221,0,0,-1024,0,0,0,0,0,-1,1,0,0,1,1,0,-1,0x0000000000004009,15.0
2017-03-06,20:39:27.470,-1024,0,1024,0,0,-1024,0,0,0,0,0,-1,1,0,0,1,1,0,-1,0x0000000000004009,15.0
2017-03-06,20:39:27.680,-184,0,204,0,0,-1024,0,0,0,0,0,-1,1,0,0,1,1,0,-1,0x0000000000004009,15.0
2017-03-06,20:39:27.880,0,0,0,0,0,-1024,0,0,0,0,0,-1,1,0,0,1,1,0,-1,0x0000000000004009,15.0
2017-03-06,20:39:28.080,0,0,0,0,0,-1024,0,0,0,0,0,-1,1,0,0,1,1,0,-1,0x0000000000004009,15.0
2017-03-06,20:39:28.290,0,0,0,0,0,-1024,0,0,0,0,0,-1,1,0,0,1,1,0,-1,0x0000000000004009,15.0
2017-03-06,20:39:28.530,0,0,0,0,0,-1024,0,0,0,0,0,-1,1,0,0,1,1,0,-1,0x0000000000004009,15.0
2017-03-06,20:39:28.750,0,0,0,0,0,-1024,0,0,0,0,0,-1,1,0,0,0,1,0,-1,0x0000000000004009,15.0
2017-03-06,20:39:28.950,0,0,0,0,0,-1024,0,0,0,0,0,-1,1,0,0,0,1,0,-1,0x0000000000004009,15.0
2017-03-06,20:39:29.150,0,0,0,0,0,-1024,0,0,0,0,0,-1,1,0,0,0,1,0,-1,0x0000000000004009,15.0
2017-03-06,20:39:29.350,0,0,0,0,0,-1024,0,0,0,0,0,-1,1,0,0,0,1,0,-1,0x0000000000004009,15.0
2017-03-06,20:39:29.550,0,0,0,0,0,-1024,0,0,0,0,0,-1,1,0,0,0,1,0,-1,0x0000000000004009,15.0
2017-03-06,20:39:29.750,0,0,0,0,0,-1024,0,0,0,0,0,-1,1,0,0,0,1,0,-1,0x0000000000004009,15.0
2017-03-06,20:39:29.950,-10,0,260,0,0,-1024,0,0,0,0,0,-1,1,0,0,0,1,0,-1,0x0000000000004009,15.0
2017-03-06,20:39:30.150,-573,0,860,0,0,-1024,0,0,0,0,0,-1,1,0,0,0,1,0,-1,0x0000000000004009,15.0
2017-03-06,20:39:30.370,-1024,0,482,0,0,-1024,0,0,0,0,0,-1,1,0,0,0,1,0,-1,0x0000000000004009,15.0
2017-03-06,20:39:30.570,788,0,391,0,0,-1024,0,0,0,0,0,-1,1,0,0,0,1,0,-1,0x0000000000004009,15.0
2017-03-06,20:39:30.770,-61,0,1024,0,0,-1024,0,0,0,0,0,-1,1,0,0,0,1,0,-1,0x0000000000004009,15.0
2017-03-06,20:39:30.970,1024,0,156,0,0,-1024,0,0,0,0,0,-1,1,0,0,0,1,0,-1,0x0000000000004009,15.0
2017-03-06,20:39:31.210,-1024,0,339,0,0,-1024,0,0,0,0,0,-1,1,0,0,0,1,0,-1,0x0000000000004009,15.0
2017-03-06,20:39:31.410,1024,0,560,0,0,-1024,0,0,0,0,0,-1,1,0,0,0,1,0,-1,0x0000000000004009,15.0
2017-03-06,20:39:31.610,-1024,0,286,0,0,-1024,0,0,0,0,0,-1,1,0,0,0,1,0,-1,0x0000000000004009,15.0
2017-03-06,20:39:31.830,696,0,534,0,0,-1024,0,0,0,0,0,-1,1,0,0,0,1,0,-1,0x0000000000004009,15.0
2017-03-06,20:39:32.050,-102,0,52,0,0,-1024,0,0,0,0,0,-1,1,0,0,0,1,0,-1,0x0000000000004009,15.0
2017-03-06,20:39:32.260,-880,0,-130,0,0,-1024,0,0,0,0,0,-1,1,0,0,0,1,0,-1,0x0000000000004009,15.0
2017-03-06,20:39:32.460,-1024,0,-104,0,0,-1024,0,0,0,0,0,-1,1,0,0,0,1,0,-1,0x0000000000004009,15.0
2017-03-06,20:39:32.660,-1024,0,-65,0,0,-1024,0,0,0,0,0,-1,1,0,0,0,1,0,-1,0x0000000000004009,15.0
2017-03-06,20:39:32.870,1024,0,221,0,0,-1024,0,0,0,0,0,-1,1,0,0,0,1,0,-1,0x0000000000004009,15.0
2017-03-06,20:39:33.090,-1024,0,13,0,0,-1024,0,0,0,0,0,-1,1,0,0,0,1,0,-1,0x0000000000004009,15.0
2017-03-06,20:39:33.320,696,0,-26,0,0,-1024,0,0,0,0,0,-1,1,0,0,0,1,0,-1,0x0000000000004009,15.0
2017-03-06,20:39:33.520,194,0,834,0,0,-1024,0,0,0,0,0,-1,1,0,0,0,1,0,-1,0x0000000000004009,15.0
2017-03-06,20:39:33.720,0,0,614,0,0,-1024,0,0,0,0,0,-1,1,0,0,0,1,0,-1,0x0000000000004009,15.0
2017-03-06,20:39:33.920,0,0,0,0,0,-1024,0,0,0,0,0,-1,1,0,0,0,1,0,-1,0x0000000000004009,15.0
2017-03-06,20:39:34.140,0,0,0,0,0,-1024,0,0,0,0,0,-1,1,0,0,0,1,0,-1,0x0000000000004009,7.2
2017-03-06,20:39:34.350,0,0,0,0,0,-1024,0,0,0,0,0,-1,1,0,0,0,1,0,-1,0x0000000000004009,7.2
2017-03-06,20:39:34.550,0,0,0,0,0,-1024,0,0,0,0,0,-1,1,0,0,0,1,0,-1,0x0000000000004009,7.2
2017-03-06,20:39:34.750,0,0,0,0,0,-1024,0,0,0,0,0,-1,1,0,0,0,1,0,-1,0x0000000000004009,7.2
2017-03-06,20:39:34.950,0,0,0,0,0,-1024,0,0,0,0,0,-1,0,0,0,0,1,0,-1,0x0000000000004009,7.2
2017-03-06,20:39:35.170,0,0,0,0,0,-1024,0,0,0,0,0,-1,0,0,0,0,1,0,-1,0x0000000000004009,7.2
2017-03-06,20:39:35.370,0,0,0,0,0,-1024,0,0,0,0,0,-1,0,0,0,0,1,0,-1,0x0000000000004009,7.2
2017-03-06,20:39:35.570,0,0,0,0,0,-1024,0,0,0,0,0,-1,0,0,0,0,1,0,-1,0x0000000000004009,7.2
2017-03-06,20:39:35.770,0,0,0,0,0,-1024,0,0,0,0,0,-1,0,0,0,0,1,0,-1,0x0000000000004009,7.2
2017-03-06,20:39:35.970,0,0,0,0,0,-1024,0,0,0,0,0,-1,0,0,0,0,1,0,-1,0x0000000000004009,7.2
2017-03-06,20:39:36.190,0,0,0,0,0,-1024,0,0,0,0,0,-1,-1,0,0,0,1,0,-1,0x0000000000004009,7.2
2017-03-06,20:39:36.390,0,0,0,0,0,-1024,0,0,0,0,0,-1,-1,0,0,0,1,0,-1,0x0000000000004009,7.2
2017-03-06,20:39:36.590,0,0,0,0,0,-1024,0,0,0,0,0,-1,-1,0,0,0,1,0,-1,0x0000000000004009,7.2
2017-03-06,20:39:36.790,0,0,0,0,0,-1024,0,0,0,0,0,-1,-1,0,0,0,1,0,-1,0x0000000000004009,7.2
2017-03-06,20:39:36.990,0,0,0,0,0,-1024,0,0,0,0,0,-1,-1,0,0,0,1,0,-1,0x0000000000004009,7.2
2017-03-06,20:39:37.190,0,0,0,0,0,-1024,0,0,0,0,0,-1,-1,0,0,0,1,0,-1,0x0000000000004009,7.2
2017-03-06,20:39:37.390,0,0,0,0,0,-1024,0,0,0,0,0,-1,-1,0,0,0,1,0,-1,0x0000000000004009,7.2
2017-03-06,20:39:37.590,0,0,0,0,0,-1024,0,0,0,0,0,-1,-1,0,0,0,1,0,-1,0x0000000000004009,7.2
2017-03-06,20:39:37.790,0,0,0,0,0,-1024,0,0,0,0,0,-1,-1,0,0,0,1,0,-1,0x0000000000004009,7.2
2017-03-06,20:39:37.990,0,0,0,0,0,-1024,0,0,0,0,0,-1,-1,0,0,0,1,0,-1,0x0000000000004009,7.2
2017-03-06,20:39:38.190,0,0,0,0,0,-1024,0,0,0,0,0,-1,-1,0,0,0,1,0,-1,0x0000000000004009,7.2
2017-03-06,20:39:38.390,0,0,0,0,0,-1024,0,0,0,0,0,-1,-1,0,0,0,1,0,-1,0x0000000000004009,7.2
2017-03-06,20:39:38.590,0,0,0,0,0,-1024,0,0,0,0,0,-1,-1,0,0,0,1,0,-1,0x0000000000004009,7.2
2017-03-06,20:39:38.810,0,0,0,0,0,-1024,0,0,0,0,0,-1,0,0,0,0,1,0,-1,0x0000000000004009,7.2
2017-03-06,20:39:39.060,0,0,0,0,0,-1024,0,0,0,0,0,-1,0,0,0,0,1,0,-1,0x0000000000004009,7.2
2017-03-06,20:39:39.270,0,0,0,0,0,-1024,0,0,0,0,0,-1,1,0,0,0,1,0,-1,0x0000000000004009,7.2
2017-03-06,20:39:39.520,0,0,0,0,0,-1024,0,0,0,0,0,-1,1,0,0,0,1,0,-1,0x0000000000004009,7.2
2017-03-06,20:39:39.720,0,0,0,0,0,-1024,0,0,0,0,0,-1,1,0,0,0,1,0,-1,0x0000000000004009,7.2
2017-03-06,20:39:39.920,0,0,0,0,0,-1024,0,0,0,0,0,-1,1,0,0,0,1,0,-1,0x0000000000004009,7.2
2017-03-06,20:39:40.120,0,0,0,0,0,-1024,0,0,0,0,0,-1,1,0,0,0,1,0,-1,0x0000000000004009,7.2
2017-03-06,20:39:40.320,0,0,0,0,0,-1024,0,0,0,0,0,-1,1,0,0,0,1,0,-1,0x0000000000004009,7.2
2017-03-06,20:39:40.520,0,0,0,0,0,-1024,0,0,0,0,0,-1,1,0,0,0,1,0,-1,0x0000000000004009,7.2
2017-03-06,20:39:40.720,0,0,0,0,0,-1024,0,0,0,0,0,-1,1,0,0,0,1,0,-1,0x0000000000004009,7.2
2017-03-06,20:39:40.920,0,0,0,0,0,-1024,0,0,0,0,0,-1,1,0,0,0,1,0,-1,0x0000000000004009,7.2
2017-03-06,20:39:41.120,0,0,0,0,0,-1024,0,0,0,0,0,-1,1,0,0,0,1,0,-1,0x0000000000004009,7.2
2017-03-06,20:39:41.320,0,0,0,0,0,-1024,0,0,0,0,0,-1,1,0,0,0,1,0,-1,0x0000000000004009,7.2
2017-03-06,20:39:41.520,0,0,0,0,0,-1024,0,0,0,0,0,-1,1,0,0,0,1,0,-1,0x0000000000004009,7.2
2017-03-06,20:39:41.740,0,0,0,0,0,-1024,0,0,0,0,0,-1,0,0,0,0,1,0,-1,0x0000000000004009,7.2
2017-03-06,20:39:41.940,0,0,0,0,0,-1024,0,0,0,0,0,-1,0,0,0,0,1,0,-1,0x0000000000004009,7.2
2017-03-06,20:39:42.140,0,0,0,0,0,-1024,0,0,0,0,0,-1,-1,0,0,0,1,0,-1,0x0000000000004009,5.6
2017-03-06,20:39:42.350,0,0,0,0,0,-1024,0,0,0,0,0,-1,-1,0,0,0,1,0,-1,0x0000000000004009,5.6
2017-03-06,20:39:42.550,0,0,0,0,0,-1024,0,0,0,0,0,-1,-1,0,0,0,1,0,-1,0x0000000000004009,5.6
2017-03-06,20:39:42.750,0,0,0,0,0,-1024,0,0,0,0,0,-1,-1,0,0,0,1,0,-1,0x0000000000004009,5.6
2017-03-06,20:39:42.950,0,0,0,0,0,-1024,0,0,0,0,0,-1,-1,0,0,0,1,0,-1,0x0000000000004009,5.6
2017-03-06,20:39:43.150,0,0,0,0,0,-1024,0,0,0,0,0,-1,-1,0,0,0,1,0,-1,0x0000000000004009,5.6
2017-03-06,20:39:43.350,0,0,0,0,0,-1024,0,0,0,0,0,-1,-1,0,0,0,1,0,-1,0x0000000000004009,5.6
2017-03-06,20:39:43.550,0,0,0,0,0,-1024,0,0,0,0,0,-1,-1,0,0,0,1,0,-1,0x0000000000004009,5.6
2017-03-06,20:39:43.780,-215,0,495,0,0,-1024,0,0,0,0,0,-1,-1,0,0,0,1,0,-1,0x0000000000004009,5.6
2017-03-06,20:39:43.980,-153,0,1024,0,0,-1024,0,0,0,0,0,-1,-1,0,0,0,1,0,-1,0x0000000000004009,5.6
2017-03-06,20:39:44.210,-163,0,1024,0,0,-1024,0,0,0,0,0,-1,-1,0,0,0,1,0,-1,0x0000000000004009,5.6
2017-03-06,20:39:44.420,-71,0,-769,0,0,-1024,0,0,0,0,0,-1,-1,0,0,0,1,0,-1,0x0000000000004009,5.6
2017-03-06,20:39:44.630,-81,0,-1024,0,0,-1024,0,0,0,0,0,-1,-1,0,0,0,1,0,-1,0x000000000000400C,5.6
2017-03-06,20:39:44.830,-143,0,-1024,0,0,-1024,0,0,0,0,0,-1,-1,0,0,0,1,0,-1,0x000000000000400C,5.6
2017-03-06,20:39:45.030,0,0,-614,0,0,-1024,0,0,0,0,0,-1,-1,0,0,0,1,0,-1,0x0000000000004009,5.6
2017-03-06,20:39:45.250,0,0,0,0,0,-1024,0,0,0,0,0,-1,-1,0,0,0,1,0,-1,0x0000000000004009,5.6
2017-03-06,20:39:45.450,0,0,0,0,0,-1024,0,0,0,0,0,-1,-1,0,0,0,1,0,-1,0x0000000000004009,5.6
2017-03-06,20:39:45.650,0,0,0,0,0,-1024,0,0,0,0,0,-1,0,0,0,0,1,0,-1,0x0000000000004009,5.6
2017-03-06,20:39:45.870,0,0,0,0,0,-1024,0,0,0,0,0,-1,0,0,0,0,1,0,-1,0x0000000000004009,5.6
2017-03-06,20:39:46.070,0,0,0,0,0,-1024,0,0,0,0,0,-1,0,0,0,0,1,0,-1,0x0000000000004009,5.6
2017-03-06,20:39:46.270,0,0,0,0,0,-1024,0,0,0,0,0,-1,0,0,0,0,1,0,-1,0x0000000000004009,5.6
2017-03-06,20:39:46.470,0,0,0,0,0,-1024,0,0,0,0,0,-1,1,0,0,0,1,0,-1,0x0000000000004009,5.6
2017-03-06,20:39:46.670,0,0,0,0,0,-1024,0,0,0,0,0,-1,1,0,0,0,1,0,-1,0x0000000000004009,5.6
2017-03-06,20:39:46.870,0,0,0,0,0,-1024,0,0,0,0,0,-1,1,0,0,0,1,0,-1,0x0000000000004009,5.6
2017-03-06,20:39:47.070,0,0,0,0,0,-1024,0,0,0,0,0,-1,1,0,0,0,1,0,-1,0x0000000000004009,5.6
2017-03-06,20:39:47.270,0,0,0,0,0,-1024,0,0,0,0,0,-1,1,0,0,0,1,0,-1,0x0000000000004009,5.6
2017-03-06,20:39:47.470,-30,0,78,0,0,-1024,0,0,0,0,0,-1,1,0,0,0,1,0,-1,0x0000000000004009,5.6
2017-03-06,20:39:47.710,-112,0,1024,0,0,-1024,0,0,0,0,0,-1,1,0,0,0,1,0,-1,0x0000000000004009,5.6
2017-03-06,20:39:47.940,71,0,-639,0,0,-1024,0,0,0,0,0,-1,1,0,0,0,1,0,-1,0x0000000000004009,5.6
2017-03-06,20:39:48.150,71,0,-821,0,0,-1024,0,0,0,0,0,-1,1,0,0,0,1,0,-1,0x0000000000004009,5.6
2017-03-06,20:39:48.360,81,0,-1024,0,0,-1024,0,0,0,0,0,-1,1,0,0,0,1,0,-1,0x000000000000400C,5.6
2017-03-06,20:39:48.600,102,0,-1024,0,0,-1024,0,0,0,0,0,-1,1,0,0,0,1,0,-1,0x000000000000400C,5.6
2017-03-06,20:39:48.800,102,0,-1024,0,0,-1024,0,0,0,0,0,-1,1,0,0,0,1,0,-1,0x000000000000400C,5.6
2017-03-06,20:39:49.010,0,0,0,0,0,-1024,0,0,0,0,0,-1,1,0,0,0,1,0,-1,0x0000000000004009,5.6
2017-03-06,20:39:49.230,0,0,0,0,0,-1024,0,0,0,0,0,-1,1,0,0,0,1,0,-1,0x0000000000004009,5.6
2017-03-06,20:39:49.430,0,0,0,0,0,-1024,0,0,0,0,0,-1,1,0,0,0,1,0,-1,0x0000000000004009,5.6
2017-03-06,20:39:49.630,0,0,0,0,0,-1024,0,0,0,0,0,-1,1,0,0,0,1,0,-1,0x0000000000004009,5.6
2017-03-06,20:39:49.830,0,0,0,0,0,-1024,0,0,0,0,0,-1,1,0,0,0,1,0,-1,0x0000000000004009,5.6
2017-03-06,20:40:20.070,0,0,0,0,0,-1024,0,0,0,0,0,-1,1,0,0,0,1,0,-1,0x0000000000004009,5.6
2017-03-06,20:40:20.290,0,0,0,0,0,-1024,0,0,0,0,0,-1,1,0,0,0,1,0,-1,0x0000000000004009,5.6
2017-03-06,20:40:20.490,0,0,0,0,0,-1024,0,0,0,0,0,-1,1,0,0,0,1,0,-1,0x0000000000004009,5.6
2017-03-06,20:40:20.690,0,0,0,0,0,-1024,0,0,0,0,0,-1,1,0,0,0,1,0,-1,0x0000000000004009,5.6
2017-03-06,20:40:20.890,0,0,0,0,0,-1024,0,0,0,0,0,-1,1,0,0,0,1,0,-1,0x0000000000004009,5.6
2017-03-06,20:40:21.090,0,0,0,0,0,-1024,0,0,0,0,0,-1,1,0,0,0,1,0,-1,0x0000000000004009,5.6
2017-03-06,20:40:21.290,0,0,0,0,0,-1024,0,0,0,0,0,-1,1,0,0,0,1,0,-1,0x0000000000004009,5.6
2017-03-06,20:40:21.490,0,0,0,0,0,-1024,0,0,0,0,0,-1,1,0,0,0,1,0,-1,0x0000000000004009,5.6
2017-03-06,20:40:21.710,61,0,678,0,0,-1024,0,0,0,0,0,-1,1,0,0,0,1,0,-1,0x0000000000004009,5.6
2017-03-06,20:40:21.910,0,0,464,0,0,-1024,0,0,0,0,0,-1,1,0,0,0,1,0,-1,0x0000000000004009,5.6
2017-03-06,20:40:22.120,0,0,0,0,0,-1024,0,0,0,0,0,-1,1,0,0,0,1,0,-1,0x0000000000004009,5.6
2017-03-06,20:40:22.320,0,0,0,0,0,-1024,0,0,0,0,0,-1,1,0,0,0,1,0,-1,0x0000000000004009,5.6
2017-03-06,20:40:22.520,0,0,0,0,0,-1024,0,0,0,0,0,-1,1,0,0,0,1,0,-1,0x0000000000004009,5.6
2017-03-06,20:40:22.720,0,0,0,0,0,-1024,0,0,0,0,0,-1,1,0,0,0,1,0,-1,0x0000000000004009,5.6
2017-03-06,20:40:22.920,0,0,0,0,0,-1024,0,0,0,0,0,-1,1,0,0,0,1,0,1,0x0000000000004009,5.6
2017-03-06,20:40:23.140,0,0,0,0,0,-1024,0,0,0,0,0,-1,1,0,0,0,1,0,1,0x0000000000000409,5.6
2017-03-06,20:40:23.340,0,0,0,0,0,-1024,0,0,0,0,0,-1,1,0,0,0,1,0,-1,0x0000000000000409,5.6
2017-03-06,20:40:23.560,0,0,0,0,0,-1024,0,0,0,0,0,-1,1,0,0,0,1,0,-1,0x0000000000000009,5.6
2017-03-06,20:40:23.760,0,0,0,0,0,-1024,0,0,0,0,0,-1,1,0,0,0,1,0,-1,0x0000000000000009,5.6
2017-03-06,20:40:23.960,0,0,0,0,0,-1024,0,0,0,0,0,-1,1,0,0,0,1,0,-1,0x0000000000000009,5.6
2017-03-06,20:40:24.160,0,0,0,0,0,-1024,0,0,0,0,0,-1,1,0,0,0,1,0,-1,0x0000000000000009,5.6
2017-03-06,20:40:24.380,0,0,0,0,0,-1024,0,0,0,0,0,-1,1,0,0,0,1,0,1,0x0000000000004409,5.6
2017-03-06,20:40:24.580,0,0,0,0,0,-1024,0,0,0,0,0,-1,1,0,0,0,1,0,1,0x0000000000004409,5.6
2017-03-06,20:40:24.800,0,0,0,0,0,-1024,0,0,0,0,0,-1,1,0,0,0,1,0,-1,0x0000000000004009,5.6
2017-03-06,20:40:25.000,0,0,0,0,0,-1024,0,0,0,0,0,-1,1,0,0,0,1,0,-1,0x0000000000004009,5.6
2017-03-06,20:40:25.200,0,0,0,0,0,-1024,0,0,0,0,0,-1,1,0,0,0,1,0,-1,0x0000000000004009,5.6
2017-03-06,20:40:25.400,0,0,0,0,0,-1024,0,0,0,0,0,-1,1,0,0,0,1,0,-1,0x0000000000004009,5.6
2017-03-06,20:40:25.610,0,0,0,0,0,-1024,0,0,0,0,0,-1,1,0,0,0,1,0,-1,0x0000000000004009,5.6
2017-03-06,20:40:25.810,0,0,0,0,0,-1024,0,0,0,0,0,-1,1,0,0,0,1,0,-1,0x0000000000004009,5.6
2017-03-06,20:40:26.060,0,0,0,0,0,-1024,0,0,0,0,0,-1,1,0,0,0,1,0,-1,0x0000000000004009,5.6
2017-03-06,20:40:26.300,0,0,0,0,0,-1024,0,0,0,0,0,-1,1,0,0,0,1,0,-1,0x0000000000004009,5.6
2017-03-06,20:40:26.540,102,0,1024,0,0,-1024,0,0,0,0,0,-1,1,0,0,0,1,0,-1,0x0000000000004009,5.6
2017-03-06,20:40:26.760,1024,0,1024,0,0,-1024,0,0,0,0,0,-1,1,0,0,0,1,0,-1,0x0000000000004009,5.6
2017-03-06,20:40:26.970,614,0,614,0,0,-1024,0,0,0,0,0,-1,1,0,0,0,1,0,-1,0x0000000000004009,5.6
2017-03-06,20:40:27.190,0,0,0,0,0,-1024,0,0,0,0,0,-1,1,0,0,0,1,0,-1,0x0000000000004009,5.6
2017-03-06,20:40:27.390,0,0,0,0,0,-1024,0,0,0,0,0,-1,1,0,0,0,1,0,-1,0x0000000000004009,5.6
2017-03-06,20:40:27.590,0,0,0,0,0,-1024,0,0,0,0,0,-1,1,0,0,0,1,0,-1,0x0000000000004009,5.6
2017-03-06,20:40:27.790,0,0,0,0,0,-1024,0,0,0,0,0,-1,1,0,0,0,1,0,-1,0x0000000000004009,5.6
2017-03-06,20:40:27.990,0,0,0,0,0,-1024,0,0,0,0,0,-1,1,0,0,0,1,0,-1,0x0000000000004009,5.6
2017-03-06,20:40:28.190,0,0,0,0,0,-1024,0,0,0,0,0,-1,1,0,0,0,1,0,-1,0x0000000000004009,5.6
2017-03-06,20:40:28.390,0,0,0,0,0,-1024,0,0,0,0,0,-1,1,0,0,0,1,0,-1,0x0000000000004009,5.6
2017-03-06,20:40:28.590,0,0,0,0,0,-1024,0,0,0,0,0,-1,1,0,0,0,1,0,-1,0x0000000000004009,5.6
2017-03-06,20:40:28.790,0,0,0,0,0,-1024,0,0,0,0,0,-1,1,0,0,0,1,0,-1,0x0000000000004009,5.6
2017-03-06,20:40:28.990,0,0,0,0,0,-1024,0,0,0,0,0,-1,1,0,0,0,1,0,-1,0x0000000000004009,5.6
2017-03-06,20:40:29.190,0,0,0,0,0,-1024,0,0,0,0,0,-1,1,0,0,0,1,0,-1,0x0000000000004009,5.6
2017-03-06,20:40:29.390,0,0,0,0,0,-1024,0,0,0,0,0,-1,1,0,0,0,1,0,-1,0x0000000000004009,5.6
2017-03-06,20:40:29.590,0,0,0,0,0,-1024,0,0,0,0,0,-1,1,0,0,0,1,0,-1,0x0000000000004009,5.6
2017-03-06,20:40:29.790,0,0,0,0,0,-1024,0,0,0,0,0,-1,1,0,0,0,1,0,-1,0x0000000000004009,5.6
2017-03-06,20:40:29.990,0,0,0,0,0,-1024,0,0,0,0,0,-1,1,0,0,0,1,0,-1,0x0000000000004009,5.6
2017-03-06,20:40:30.190,0,0,0,0,0,-1024,0,0,0,0,0,-1,1,0,0,0,1,0,-1,0x0000000000004009,5.6
2017-03-06,20:40:30.390,0,0,0,0,0,-1024,0,0,0,0,0,-1,1,0,0,0,1,0,-1,0x0000000000004009,5.6
2017-03-06,20:40:30.590,0,0,0,0,0,-1024,0,0,0,0,0,-1,1,0,0,0,1,0,-1,0x0000000000004009,5.6
2017-03-06,20:40:30.790,0,0,0,0,0,-1024,0,0,0,0,0,-1,1,0,0,0,1,0,-1,0x0000000000004009,5.6
2017-03-06,20:40:30.990,0,0,0,0,0,-1024,0,0,0,0,0,-1,1,0,0,0,1,0,-1,0x0000000000004009,5.6
2017-03-06,20:40:31.190,0,0,0,0,0,-1024,0,0,0,0,0,-1,1,0,0,0,1,0,-1,0x0000000000004009,5.6
2017-03-06,20:40:31.390,0,0,0,0,0,-1024,0,0,0,0,0,-1,1,0,0,0,1,0,-1,0x0000000000004009,5.6
2017-03-06,20:40:31.590,0,0,0,0,0,-1024,0,0,0,0,0,-1,1,0,0,0,1,0,-1,0x0000000000004009,5.6
2017-03-06,20:40:31.790,0,0,0,0,0,-1024,0,0,0,0,0,-1,1,0,0,0,1,0,-1,0x0000000000004009,5.6
2017-03-06,20:40:31.990,0,0,0,0,0,-1024,0,0,0,0,0,-1,1,0,0,0,1,0,-1,0x0000000000004009,5.6
2017-03-06,20:40:32.190,0,0,0,0,0,-1024,0,0,0,0,0,-1,1,0,0,0,1,0,-1,0x0000000000004009,5.6
2017-03-06,20:40:32.390,0,0,0,0,0,-1024,0,0,0,0,0,-1,1,0,0,0,1,0,-1,0x0000000000004009,5.6
2017-03-06,20:40:32.600,0,0,0,0,0,-1024,0,0,0,0,0,-1,1,0,0,0,1,0,-1,0x0000000000004009,5.6
2017-03-06,20:40:32.800,0,0,0,0,0,-1024,0,0,0,0,0,-1,1,0,0,0,1,0,-1,0x0000000000004009,5.6
2017-03-06,20:40:33.000,0,0,0,0,0,-1024,0,0,0,0,0,-1,1,0,0,0,1,0,-1,0x0000000000004009,5.6
2017-03-06,20:40:33.200,0,0,0,0,0,-1024,0,0,0,0,0,-1,1,0,0,0,1,0,-1,0x0000000000004009,5.6
2017-03-06,20:40:33.400,0,0,0,0,0,-1024,0,0,0,0,0,-1,1,0,0,0,1,0,-1,0x0000000000004009,5.6
2017-03-06,20:40:33.600,0,0,0,0,0,-1024,0,0,0,0,0,-1,1,0,0,0,1,0,-1,0x0000000000004009,5.6
2017-03-06,20:40:33.800,0,0,0,0,0,-1024,0,0,0,0,0,-1,1,0,0,0,1,0,-1,0x0000000000004009,5.6
2017-03-06,20:40:34.000,0,0,0,0,0,-1024,0,0,0,0,0,-1,1,0,0,0,1,0,-1,0x0000000000004009,5.6
2017-03-06,20:40:34.200,0,0,0,0,0,-1024,0,0,0,0,0,-1,1,0,0,0,1,0,-1,0x0000000000004009,5.6
2017-03-06,20:40:34.400,0,0,0,0,0,-1024,0,0,0,0,0,-1,1,0,0,0,1,0,-1,0x0000000000004009,5.6
2017-03-06,20:40:34.600,0,0,0,0,0,-1024,0,0,0,0,0,-1,1,0,0,0,1,0,-1,0x0000000000004009,5.6
2017-03-06,20:40:34.800,0,0,0,0,0,-1024,0,0,0,0,0,-1,1,0,0,0,1,0,-1,0x0000000000004009,5.6
2017-03-06,20:40:35.010,0,0,0,0,0,-1024,0,0,0,0,0,-1,1,0,0,0,1,0,-1,0x0000000000004009,5.6
2017-03-06,20:40:35.210,0,0,0,0,0,-1024,0,0,0,0,0,-1,1,0,0,0,1,0,-1,0x0000000000004009,5.6
2017-03-06,20:40:35.410,0,0,0,0,0,-1024,0,0,0,0,0,-1,1,0,0,0,1,0,-1,0x0000000000004009,5.6
2017-03-06,20:40:35.610,0,0,0,0,0,-1024,0,0,0,0,0,-1,1,0,0,0,1,0,-1,0x0000000000004009,5.6
2017-03-06,20:40:35.810,0,0,0,0,0,-1024,0,0,0,0,0,-1,1,0,0,0,1,0,-1,0x0000000000004009,5.6
2017-03-06,20:40:36.010,0,0,0,0,0,-1024,0,0,0,0,0,-1,1,0,0,0,1,0,-1,0x0000000000004009,5.6
2017-03-06,20:40:36.210,0,0,0,0,0,-1024,0,0,0,0,0,-1,1,0,0,0,1,0,-1,0x0000000000004009,5.6
2017-03-06,20:40:36.410,0,0,0,0,0,-1024,0,0,0,0,0,-1,1,0,0,0,1,0,-1,0x0000000000004009,5.6
2017-03-06,20:40:36.610,0,0,0,0,0,-1024,0,0,0,0,0,-1,1,0,0,0,1,0,-1,0x0000000000004009,5.6
2017-03-06,20:40:36.810,0,0,0,0,0,-1024,0,0,0,0,0,-1,1,0,0,0,1,0,-1,0x0000000000004009,5.6
2017-03-06,20:40:37.010,0,0,0,0,0,-1024,0,0,0,0,0,-1,1,0,0,0,1,0,-1,0x0000000000004009,5.6
2017-03-06,20:40:37.210,0,0,0,0,0,-1024,0,0,0,0,0,-1,1,0,0,0,1,0,-1,0x0000000000004009,5.6
2017-03-06,20:40:37.410,0,0,0,0,0,-1024,0,0,0,0,0,-1,1,0,0,0,1,0,-1,0x0000000000004009,5.6
2017-03-06,20:40:37.610,0,0,0,0,0,-1024,0,0,0,0,0,-1,1,0,0,0,1,0,-1,0x0000000000004009,5.6
2017-03-06,20:40:37.810,0,0,0,0,0,-1024,0,0,0,0,0,-1,1,0,0,0,1,0,-1,0x0000000000004009,5.6
2017-03-06,20:40:38.010,0,0,0,0,0,-1024,0,0,0,0,0,-1,1,0,0,0,1,0,-1,0x0000000000004009,5.6
2017-03-06,20:40:38.210,0,0,0,0,0,-1024,0,0,0,0,0,-1,1,0,0,0,1,0,-1,0x0000000000004009,5.6
2017-03-06,20:40:38.410,0,0,0,0,0,-1024,0,0,0,0,0,-1,1,0,0,0,1,0,-1,0x0000000000004009,5.6
2017-03-06,20:40:38.610,0,0,0,0,0,-1024,0,0,0,0,0,-1,1,0,0,0,1,0,-1,0x0000000000004009,5.6
2017-03-06,20:40:38.810,0,0,0,0,0,-1024,0,0,0,0,0,-1,1,0,0,0,1,0,-1,0x0000000000004009,5.6
2017-03-06,20:40:39.010,0,0,0,0,0,-1024,0,0,0,0,0,-1,1,0,0,0,1,0,-1,0x0000000000004009,5.6
2017-03-06,20:40:39.220,0,0,0,0,0,-1024,0,0,0,0,0,-1,1,0,0,0,1,0,-1,0x0000000000004009,5.6
2017-03-06,20:40:39.420,0,0,0,0,0,-1024,0,0,0,0,0,-1,1,0,0,0,1,0,-1,0x0000000000004009,5.6
2017-03-06,20:40:39.620,0,0,0,0,0,-1024,0,0,0,0,0,-1,1,0,0,0,1,0,-1,0x0000000000004009,5.6
2017-03-06,20:40:39.820,0,0,0,0,0,-1024,0,0,0,0,0,-1,1,0,0,0,1,0,-1,0x0000000000004009,5.6
2017-03-06,20:40:40.020,0,0,0,0,0,-1024,0,0,0,0,0,-1,1,0,0,0,1,0,-1,0x0000000000004009,5.6
2017-03-06,20:40:40.220,0,0,0,0,0,-1024,0,0,0,0,0,-1,1,0,0,0,1,0,-1,0x0000000000004009,5.6
2017-03-06,20:40:40.420,0,0,0,0,0,-1024,0,0,0,0,0,-1,1,0,0,0,1,0,-1,0x0000000000004009,5.6
2017-03-06,20:40:40.620,0,0,0,0,0,-1024,0,0,0,0,0,-1,1,0,0,0,1,0,-1,0x0000000000004009,5.6
2017-03-06,20:40:40.820,0,0,0,0,0,-1024,0,0,0,0,0,-1,1,0,0,0,1,0,-1,0x0000000000004009,5.6
2017-03-06,20:40:41.020,0,0,0,0,0,-1024,0,0,0,0,0,-1,1,0,0,0,1,0,-1,0x0000000000004009,5.6
2017-03-06,20:40:41.220,0,0,0,0,0,-1024,0,0,0,0,0,-1,1,0,0,0,1,0,-1,0x0000000000004009,5.6
2017-03-06,20:40:41.420,0,0,0,0,0,-1024,0,0,0,0,0,-1,1,0,0,0,1,0,-1,0x0000000000004009,5.6
2017-03-06,20:40:41.620,0,0,0,0,0,-1024,0,0,0,0,0,-1,1,0,0,0,1,0,-1,0x0000000000004009,5.6
2017-03-06,20:40:41.820,0,0,0,0,0,-1024,0,0,0,0,0,-1,1,0,0,0,1,0,-1,0x0000000000004009,5.6
2017-03-06,20:40:42.020,0,0,0,0,0,-1024,0,0,0,0,0,-1,1,0,0,0,1,0,-1,0x0000000000004009,5.6
2017-03-06,20:40:42.220,0,0,0,0,0,-1024,0,0,0,0,0,-1,1,0,0,0,1,0,-1,0x0000000000004009,5.6
2017-03-06,20:40:42.420,0,0,0,0,0,-1024,0,0,0,0,0,-1,1,0,0,0,1,0,-1,0x0000000000004009,5.6
2017-03-06,20:40:42.620,0,0,0,0,0,-1024,0,0,0,0,0,-1,1,0,0,0,1,0,-1,0x0000000000004009,5.6
2017-03-06,20:40:42.820,0,0,0,0,0,-1024,0,0,0,0,0,-1,1,0,0,0,1,0,-1,0x0000000000004009,5.6
2017-03-06,20:40:43.020,0,0,0,0,0,-1024,0,0,0,0,0,-1,1,0,0,0,1,0,-1,0x0000000000004009,5.6
2017-03-06,20:40:43.220,0,0,0,0,0,-1024,0,0,0,0,0,-1,1,0,0,0,1,0,-1,0x0000000000004009,5.6
2017-03-06,20:40:43.420,0,0,0,0,0,-1024,0,0,0,0,0,-1,1,0,0,0,1,0,-1,0x0000000000004009,5.6
2017-03-06,20:40:43.620,0,0,0,0,0,-1024,0,0,0,0,0,-1,1,0,0,0,1,0,-1,0x0000000000004009,5.6
2017-03-06,20:40:43.820,0,0,0,0,0,-1024,0,0,0,0,0,-1,1,0,0,0,1,0,-1,0x0000000000004009,5.6
2017-03-06,20:40:44.020,0,0,0,0,0,-1024,0,0,0,0,0,-1,1,0,0,0,1,0,-1,0x0000000000004009,5.6
2017-03-06,20:40:44.220,0,0,0,0,0,-1024,0,0,0,0,0,-1,1,0,0,0,1,0,-1,0x0000000000004009,5.6
2017-03-06,20:40:44.420,0,0,0,0,0,-1024,0,0,0,0,0,-1,1,0,0,0,1,0,-1,0x0000000000004009,5.6
2017-03-06,20:40:44.620,0,0,0,0,0,-1024,0,0,0,0,0,-1,1,0,0,0,1,0,-1,0x0000000000004009,5.6
2017-03-06,20:40:44.820,0,0,0,0,0,-1024,0,0,0,0,0,-1,1,0,0,0,1,0,-1,0x0000000000004009,5.6
2017-03-06,20:40:45.020,0,0,0,0,0,-1024,0,0,0,0,0,-1,1,0,0,0,1,0,-1,0x0000000000004009,5.6
2017-03-06,20:40:45.220,0,0,0,0,0,-1024,0,0,0,0,0,-1,1,0,0,0,1,0,-1,0x0000000000004009,5.6
2017-03-06,20:40:45.430,0,0,0,0,0,-1024,0,0,0,0,0,-1,1,0,0,0,1,0,-1,0x0000000000004009,5.6
2017-03-06,20:40:45.630,0,0,0,0,0,-1024,0,0,0,0,0,-1,1,0,0,0,1,0,-1,0x0000000000004009,5.6
2017-03-06,20:40:45.830,0,0,0,0,0,-1024,0,0,0,0,0,-1,1,0,0,0,1,0,-1,0x0000000000004009,5.6
2017-03-06,20:40:46.030,0,0,0,0,0,-1024,0,0,0,0,0,-1,1,0,0,0,1,0,-1,0x0000000000004009,5.6
2017-03-06,20:40:46.250,0,0,0,0,0,-1024,0,0,0,0,0,-1,1,0,0,0,1,0,-1,0x0000000000004009,5.6
2017-03-06,20:40:46.450,0,0,0,0,0,-1024,0,0,0,0,0,-1,1,0,0,0,1,0,-1,0x0000000000004009,5.6
2017-03-06,20:40:46.650,0,0,0,0,0,-1024,0,0,0,0,0,-1,1,0,0,0,1,0,-1,0x0000000000004009,5.6
2017-03-06,20:40:46.850,0,0,0,0,0,-1024,0,0,0,0,0,-1,1,0,0,0,1,0,-1,0x0000000000004009,5.6
2017-03-06,20:40:47.060,0,0,0,0,0,-1024,0,0,0,0,0,-1,1,0,0,0,1,0,-1,0x0000000000004009,5.6
2017-03-06,20:40:47.260,0,0,0,0,0,-1024,0,0,0,0,0,-1,1,0,0,0,1,0,-1,0x0000000000004009,5.6
2017-03-06,20:40:47.460,0,0,0,0,0,-1024,0,0,0,0,0,-1,1,0,0,0,1,0,-1,0x0000000000004009,5.6
2017-03-06,20:40:47.660,0,0,0,0,0,-1024,0,0,0,0,0,-1,1,0,0,0,1,0,-1,0x0000000000004009,5.6
2017-03-06,20:40:47.860,0,0,0,0,0,-1024,0,0,0,0,0,-1,1,0,0,0,1,0,-1,0x0000000000004009,5.6
2017-03-06,20:40:48.060,0,0,0,0,0,-1024,0,0,0,0,0,-1,1,0,0,0,1,0,-1,0x0000000000004009,5.6
2017-03-06,20:40:48.260,0,0,0,0,0,-1024,0,0,0,0,0,-1,1,0,0,0,1,0,-1,0x0000000000004009,5.6
2017-03-06,20:40:48.460,0,0,0,0,0,-1024,0,0,0,0,0,-1,1,0,0,0,1,0,-1,0x0000000000004009,5.6
2017-03-06,20:40:48.660,0,0,0,0,0,-1024,0,0,0,0,0,-1,1,0,0,0,1,0,-1,0x0000000000004009,5.6
2017-03-06,20:40:48.860,0,0,0,0,0,-1024,0,0,0,0,0,-1,1,0,0,0,1,0,-1,0x0000000000004009,5.6
2017-03-06,20:40:49.060,0,0,0,0,0,-1024,0,0,0,0,0,-1,1,0,0,0,1,0,-1,0x0000000000004009,5.6
2017-03-06,20:40:49.260,0,0,0,0,0,-1024,0,0,0,0,0,-1,1,0,0,0,1,0,-1,0x0000000000004009,5.6
2017-03-06,20:40:49.460,0,0,0,0,0,-1024,0,0,0,0,0,-1,1,0,0,0,1,0,-1,0x0000000000004009,5.6
2017-03-06,20:40:49.660,0,0,0,0,0,-1024,0,0,0,0,0,-1,1,0,0,0,1,0,-1,0x0000000000004009,5.6
2017-03-06,20:40:49.860,0,0,0,0,0,-1024,0,0,0,0,0,-1,1,0,0,0,1,0,-1,0x0000000000004009,5.6
2017-03-06,20:40:50.060,0,0,0,0,0,-1024,0,0,0,0,0,-1,1,0,0,0,1,0,-1,0x0000000000004009,5.6
2017-03-06,20:40:50.260,0,0,0,0,0,-1024,0,0,0,0,0,-1,1,0,0,0,1,0,-1,0x0000000000004009,5.6
2017-03-06,20:40:50.460,0,0,0,0,0,-1024,0,0,0,0,0,-1,1,0,0,0,1,0,-1,0x0000000000004009,5.6
2017-03-06,20:40:50.660,0,0,0,0,0,-1024,0,0,0,0,0,-1,1,0,0,0,1,0,-1,0x0000000000004009,5.6
2017-03-06,20:40:50.860,0,0,0,0,0,-1024,0,0,0,0,0,-1,1,0,0,0,1,0,-1,0x0000000000004009,5.6
2017-03-06,20:40:51.060,0,0,0,0,0,-1024,0,0,0,0,0,-1,1,0,0,0,1,0,-1,0x0000000000004009,5.6
2017-03-06,20:40:51.260,0,0,0,0,0,-1024,0,0,0,0,0,-1,1,0,0,0,1,0,-1,0x0000000000004009,5.6
2017-03-06,20:40:51.460,0,0,0,0,0,-1024,0,0,0,0,0,-1,1,0,0,0,1,0,-1,0x0000000000004009,5.6
2017-03-06,20:40:51.670,0,0,0,0,0,-1024,0,0,0,0,0,-1,1,0,0,0,1,0,-1,0x0000000000004009,5.6
2017-03-06,20:40:51.870,0,0,0,0,0,-1024,0,0,0,0,0,-1,1,0,0,0,1,0,-1,0x0000000000004009,5.6
2017-03-06,20:40:52.070,0,0,0,0,0,-1024,0,0,0,0,0,-1,1,0,0,0,1,0,-1,0x0000000000004009,5.6
2017-03-06,20:40:52.270,0,0,0,0,0,-1024,0,0,0,0,0,-1,1,0,0,0,1,0,-1,0x0000000000004009,5.6
2017-03-06,20:40:52.470,0,0,0,0,0,-1024,0,0,0,0,0,-1,1,0,0,0,1,0,-1,0x0000000000004009,5.6
2017-03-06,20:40:52.670,0,0,0,0,0,-1024,0,0,0,0,0,-1,1,0,0,0,1,0,-1,0x0000000000004009,5.6
2017-03-06,20:40:52.870,0,0,0,0,0,-1024,0,0,0,0,0,-1,1,0,0,0,1,0,-1,0x0000000000004009,5.6
2017-03-06,20:40:53.070,0,0,0,0,0,-1024,0,0,0,0,0,-1,1,0,0,0,1,0,-1,0x0000000000004009,5.6
2017-03-06,20:40:53.270,0,0,0,0,0,-1024,0,0,0,0,0,-1,1,0,0,0,1,0,-1,0x0000000000004009,5.6
2017-03-06,20:40:53.470,0,0,0,0,0,-1024,0,0,0,0,0,-1,1,0,0,0,1,0,-1,0x0000000000004009,5.6
2017-03-06,20:40:53.670,0,0,0,0,0,-1024,0,0,0,0,0,-1,1,0,0,0,1,0,-1,0x0000000000004009,5.6
2017-03-06,20:40:53.870,0,0,0,0,0,-1024,0,0,0,0,0,-1,1,0,0,0,1,0,-1,0x0000000000004009,5.6
2017-03-06,20:40:54.070,0,0,0,0,0,-1024,0,0,0,0,0,-1,1,0,0,0,1,0,-1,0x0000000000004009,5.6
2017-03-06,20:40:54.270,0,0,0,0,0,-1024,0,0,0,0,0,-1,1,0,0,0,1,0,-1,0x0000000000004009,5.6
2017-03-06,20:40:54.470,0,0,0,0,0,-1024,0,0,0,0,0,-1,1,0,0,0,1,0,-1,0x0000000000004009,5.6
2017-03-06,20:40:54.670,0,0,0,0,0,-1024,0,0,0,0,0,-1,1,0,0,0,1,0,-1,0x0000000000004009,5.6
2017-03-06,20:40:54.870,0,0,0,0,0,-1024,0,0,0,0,0,-1,1,0,0,0,1,0,-1,0x0000000000004009,5.6
2017-03-06,20:40:55.070,0,0,0,0,0,-1024,0,0,0,0,0,-1,1,0,0,0,1,0,-1,0x0000000000004009,5.6
2017-03-06,20:40:55.270,0,0,0,0,0,-1024,0,0,0,0,0,-1,1,0,0,0,1,0,-1,0x0000000000004009,5.6
2017-03-06,20:40:55.470,0,0,0,0,0,-1024,0,0,0,0,0,-1,1,0,0,0,1,0,-1,0x0000000000004009,5.6
2017-03-06,20:40:55.670,0,0,0,0,0,-1024,0,0,0,0,0,-1,1,0,0,0,1,0,-1,0x0000000000004009,5.6
2017-03-06,20:40:55.870,0,0,0,0,0,-1024,0,0,0,0,0,-1,1,0,0,0,1,0,-1,0x0000000000004009,5.6
2017-03-06,20:40:56.070,0,0,0,0,0,-1024,0,0,0,0,0,-1,1,0,0,0,1,0,-1,0x0000000000004009,5.6
2017-03-06,20:40:56.270,0,0,0,0,0,-1024,0,0,0,0,0,-1,1,0,0,0,1,0,-1,0x0000000000004009,5.6
2017-03-06,20:40:56.470,0,0,0,0,0,-1024,0,0,0,0,0,-1,1,0,0,0,1,0,-1,0x0000000000004009,5.6
2017-03-06,20:40:56.670,0,0,0,0,0,-1024,0,0,0,0,0,-1,1,0,0,0,1,0,-1,0x0000000000004009,5.6
2017-03-06,20:40:56.870,0,0,0,0,0,-1024,0,0,0,0,0,-1,1,0,0,0,1,0,-1,0x0000000000004009,5.6
2017-03-06,20:40:57.080,0,0,0,0,0,-1024,0,0,0,0,0,-1,1,0,0,0,1,0,-1,0x0000000000004009,5.6
2017-03-06,20:40:57.280,0,0,0,0,0,-1024,0,0,0,0,0,-1,1,0,0,0,1,0,-1,0x0000000000004009,5.6
2017-03-06,20:40:57.480,0,0,0,0,0,-1024,0,0,0,0,0,-1,1,0,0,0,1,0,-1,0x0000000000004009,5.6
2017-03-06,20:40:57.680,0,0,0,0,0,-1024,0,0,0,0,0,-1,1,0,0,0,1,0,-1,0x0000000000004009,5.6
2017-03-06,20:40:57.880,0,0,0,0,0,-1024,0,0,0,0,0,-1,1,0,0,0,1,0,-1,0x0000000000004009,5.6
2017-03-06,20:40:58.080,0,0,0,0,0,-1024,0,0,0,0,0,-1,1,0,0,0,1,0,-1,0x0000000000004009,5.6
2017-03-06,20:40:58.280,0,0,0,0,0,-1024,0,0,0,0,0,-1,1,0,0,0,1,0,-1,0x0000000000004009,5.6
2017-03-06,20:40:58.480,0,0,0,0,0,-1024,0,0,0,0,0,-1,1,0,0,0,1,0,-1,0x0000000000004009,5.6
2017-03-06,20:40:58.680,0,0,0,0,0,-1024,0,0,0,0,0,-1,1,0,0,0,1,0,-1,0x0000000000004009,5.6
2017-03-06,20:40:58.880,0,0,0,0,0,-1024,0,0,0,0,0,-1,1,0,0,0,1,0,-1,0x0000000000004009,5.6
2017-03-06,20:40:59.080,0,0,0,0,0,-1024,0,0,0,0,0,-1,1,0,0,0,1,0,-1,0x0000000000004009,5.6
2017-03-06,20:40:59.280,0,0,0,0,0,-1024,0,0,0,0,0,-1,1,0,0,0,1,0,-1,0x0000000000004009,5.6
2017-03-06,20:40:59.480,0,0,0,0,0,-1024,0,0,0,0,0,-1,1,0,0,0,1,0,-1,0x0000000000004009,5.6
2017-03-06,20:40:59.680,0,0,0,0,0,-1024,0,0,0,0,0,-1,1,0,0,0,1,0,-1,0x0000000000004009,5.6
2017-03-06,20:40:59.880,0,0,0,0,0,-1024,0,0,0,0,0,-1,1,0,0,0,1,0,-1,0x0000000000004009,5.6
2017-03-06,20:41:00.100,0,0,0,0,0,-1024,0,0,0,0,0,-1,1,0,0,0,1,0,-1,0x0000000000004009,5.6
2017-03-06,20:41:00.300,0,0,0,0,0,-1024,0,0,0,0,0,-1,1,0,0,0,1,0,-1,0x0000000000004009,5.6
2017-03-06,20:41:00.500,0,0,0,0,0,-1024,0,0,0,0,0,-1,1,0,0,0,1,0,-1,0x0000000000004009,5.6
2017-03-06,20:41:00.700,0,0,0,0,0,-1024,0,0,0,0,0,-1,1,0,0,0,1,0,-1,0x0000000000004009,5.6
2017-03-06,20:41:00.900,0,0,0,0,0,-1024,0,0,0,0,0,-1,1,0,0,0,1,0,-1,0x0000000000004009,5.6
2017-03-06,20:41:01.100,0,0,0,0,0,-1024,0,0,0,0,0,-1,1,0,0,0,1,0,-1,0x0000000000004009,5.6
2017-03-06,20:41:01.300,0,0,0,0,0,-1024,0,0,0,0,0,-1,1,0,0,0,1,0,-1,0x0000000000004009,5.6
2017-03-06,20:41:01.500,0,0,0,0,0,-1024,0,0,0,0,0,-1,1,0,0,0,1,0,-1,0x0000000000004009,5.6
2017-03-06,20:41:01.700,0,0,0,0,0,-1024,0,0,0,0,0,-1,1,0,0,0,1,0,-1,0x0000000000004009,5.6
2017-03-06,20:41:01.900,0,0,0,0,0,-1024,0,0,0,0,0,-1,1,0,0,0,1,0,-1,0x0000000000004009,5.6
2017-03-06,20:41:02.100,0,0,0,0,0,-1024,0,0,0,0,0,-1,1,0,0,0,1,0,-1,0x0000000000004009,5.6
2017-03-06,20:41:02.300,0,0,0,0,0,-1024,0,0,0,0,0,-1,1,0,0,0,1,0,-1,0x0000000000004009,5.6
2017-03-06,20:41:02.500,0,0,0,0,0,-1024,0,0,0,0,0,-1,1,0,0,0,1,0,-1,0x0000000000004009,5.6
2017-03-06,20:41:02.700,0,0,0,0,0,-1024,0,0,0,0,0,-1,1,0,0,0,1,0,-1,0x0000000000004009,5.6
2017-03-06,20:41:02.900,0,0,0,0,0,-1024,0,0,0,0,0,-1,1,0,0,0,1,0,-1,0x0000000000004009,5.6
2017-03-06,20:41:03.100,0,0,0,0,0,-1024,0,0,0,0,0,-1,1,0,0,0,1,0,-1,0x0000000000004009,5.6
2017-03-06,20:41:03.300,0,0,0,0,0,-1024,0,0,0,0,0,-1,1,0,0,0,1,0,-1,0x0000000000004009,5.6
2017-03-06,20:41:03.500,0,0,0,0,0,-1024,0,0,0,0,0,-1,1,0,0,0,1,0,-1,0x0000000000004009,5.6
2017-03-06,20:41:03.700,0,0,0,0,0,-1024,0,0,0,0,0,-1,1,0,0,0,1,0,-1,0x0000000000004009,5.6
2017-03-06,20:41:03.900,0,0,0,0,0,-1024,0,0,0,0,0,-1,1,0,0,0,1,0,-1,0x0000000000004009,5.6
2017-03-06,20:41:04.100,0,0,0,0,0,-1024,0,0,0,0,0,-1,1,0,0,0,1,0,-1,0x0000000000004009,5.6
2017-03-06,20:41:04.300,0,0,0,0,0,-1024,0,0,0,0,0,-1,1,0,0,0,1,0,-1,0x0000000000004009,5.6
2017-03-06,20:41:04.500,0,0,0,0,0,-1024,0,0,0,0,0,-1,1,0,0,0,1,0,-1,0x0000000000004009,5.6
2017-03-06,20:41:04.700,0,0,0,0,0,-1024,0,0,0,0,0,-1,1,0,0,0,1,0,-1,0x0000000000004009,5.6
2017-03-06,20:41:04.900,0,0,0,0,0,-1024,0,0,0,0,0,-1,1,0,0,0,1,0,-1,0x0000000000004009,5.6
2017-03-06,20:41:05.100,0,0,0,0,0,-1024,0,0,0,0,0,-1,1,0,0,0,1,0,-1,0x0000000000004009,5.6
2017-03-06,20:41:05.300,0,0,0,0,0,-1024,0,0,0,0,0,-1,1,0,0,0,1,0,-1,0x0000000000004009,5.6
2017-03-06,20:41:05.500,0,0,0,0,0,-1024,0,0,0,0,0,-1,1,0,0,0,1,0,-1,0x0000000000004009,5.6
2017-03-06,20:41:05.700,0,0,0,0,0,-1024,0,0,0,0,0,-1,1,0,0,0,1,0,-1,0x0000000000004009,5.6
2017-03-06,20:41:05.900,0,0,0,0,0,-1024,0,0,0,0,0,-1,1,0,0,0,1,0,-1,0x0000000000004009,5.6
2017-03-06,20:41:06.100,0,0,0,0,0,-1024,0,0,0,0,0,-1,1,0,0,0,1,0,-1,0x0000000000004009,5.6
2017-03-06,20:41:06.300,0,0,0,0,0,-1024,0,0,0,0,0,-1,1,0,0,0,1,0,-1,0x0000000000004009,5.6
2017-03-06,20:41:06.500,0,0,0,0,0,-1024,0,0,0,0,0,-1,1,0,0,0,1,0,-1,0x0000000000004009,5.6
2017-03-06,20:41:06.700,0,0,0,0,0,-1024,0,0,0,0,0,-1,1,0,0,0,1,0,-1,0x0000000000004009,5.6
2017-03-06,20:41:06.900,0,0,0,0,0,-1024,0,0,0,0,0,-1,1,0,0,0,1,0,-1,0x0000000000004009,5.6
2017-03-06,20:41:07.100,0,0,0,0,0,-1024,0,0,0,0,0,-1,1,0,0,0,1,0,-1,0x0000000000004009,5.6
2017-03-06,20:41:07.300,0,0,0,0,0,-1024,0,0,0,0,0,-1,1,0,0,0,1,0,-1,0x0000000000004009,5.6
2017-03-06,20:41:07.500,0,0,0,0,0,-1024,0,0,0,0,0,-1,1,0,0,0,1,0,-1,0x0000000000004009,5.6
2017-03-06,20:41:07.700,0,0,0,0,0,-1024,0,0,0,0,0,-1,1,0,0,0,1,0,-1,0x0000000000004009,5.6
2017-03-06,20:41:07.900,0,0,0,0,0,-1024,0,0,0,0,0,-1,1,0,0,0,1,0,-1,0x0000000000004009,5.6
2017-03-06,20:41:08.100,0,0,0,0,0,-1024,0,0,0,0,0,-1,1,0,0,0,1,0,-1,0x0000000000004009,5.6
2017-03-06,20:41:08.300,0,0,0,0,0,-1024,0,0,0,0,0,-1,1,0,0,0,1,0,-1,0x0000000000004009,5.6
2017-03-06,20:41:08.500,0,0,0,0,0,-1024,0,0,0,0,0,-1,1,0,0,0,1,0,-1,0x0000000000004009,5.6
2017-03-06,20:41:08.700,0,0,0,0,0,-1024,0,0,0,0,0,-1,1,0,0,0,1,0,-1,0x0000000000004009,5.6
2017-03-06,20:41:08.900,0,0,0,0,0,-1024,0,0,0,0,0,-1,1,0,0,0,1,0,-1,0x0000000000004009,5.6
2017-03-06,20:41:09.100,0,0,0,0,0,-1024,0,0,0,0,0,-1,1,0,0,0,1,0,-1,0x0000000000004009,5.6
2017-03-06,20:41:09.300,0,0,0,0,0,-1024,0,0,0,0,0,-1,1,0,0,0,1,0,-1,0x0000000000004009,5.6
2017-03-06,20:41:09.500,0,0,0,0,0,-1024,0,0,0,0,0,-1,1,0,0,0,1,0,-1,0x0000000000004009,5.6
2017-03-06,20:41:09.700,0,0,0,0,0,-1024,0,0,0,0,0,-1,1,0,0,0,1,0,-1,0x0000000000004009,5.6
2017-03-06,20:41:09.900,0,0,0,0,0,-1024,0,0,0,0,0,-1,1,0,0,0,1,0,-1,0x0000000000004009,5.6
2017-03-06,20:41:10.100,0,0,0,0,0,-1024,0,0,0,0,0,-1,1,0,0,0,1,0,-1,0x0000000000004009,5.6
2017-03-06,20:41:10.300,0,0,0,0,0,-1024,0,0,0,0,0,-1,1,0,0,0,1,0,-1,0x0000000000004009,5.6
2017-03-06,20:41:10.500,0,0,0,0,0,-1024,0,0,0,0,0,-1,1,0,0,0,1,0,-1,0x0000000000004009,5.6
2017-03-06,20:41:10.700,0,0,0,0,0,-1024,0,0,0,0,0,-1,1,0,0,0,1,0,-1,0x0000000000004009,5.6
2017-03-06,20:41:10.900,0,0,0,0,0,-1024,0,0,0,0,0,-1,1,0,0,0,1,0,-1,0x0000000000004009,5.6
2017-03-06,20:41:11.100,0,0,0,0,0,-1024,0,0,0,0,0,-1,1,0,0,0,1,0,-1,0x0000000000004009,5.6
2017-03-06,20:41:11.300,0,0,0,0,0,-1024,0,0,0,0,0,-1,1,0,0,0,1,0,-1,0x0000000000004009,5.6
2017-03-06,20:41:11.500,0,0,0,0,0,-1024,0,0,0,0,0,-1,1,0,0,0,1,0,-1,0x0000000000004009,5.6
2017-03-06,20:41:11.710,0,0,0,0,0,-1024,0,0,0,0,0,-1,1,0,0,0,1,0,-1,0x0000000000004009,5.6
2017-03-06,20:41:11.910,0,0,0,0,0,-1024,0,0,0,0,0,-1,1,0,0,0,1,0,-1,0x0000000000004009,5.6
2017-03-06,20:41:12.110,0,0,0,0,0,-1024,0,0,0,0,0,-1,1,0,0,0,1,0,-1,0x0000000000004009,5.6
2017-03-06,20:41:12.310,0,0,0,0,0,-1024,0,0,0,0,0,-1,1,0,0,0,1,0,-1,0x0000000000004009,5.6
2017-03-06,20:41:12.510,0,0,0,0,0,-1024,0,0,0,0,0,-1,1,0,0,0,1,0,-1,0x0000000000004009,5.6
2017-03-06,20:41:12.710,0,0,0,0,0,-1024,0,0,0,0,0,-1,1,0,0,0,1,0,-1,0x0000000000004009,5.6
2017-03-06,20:41:12.910,0,0,0,0,0,-1024,0,0,0,0,0,-1,1,0,0,0,1,0,-1,0x0000000000004009,5.6
2017-03-06,20:41:13.110,0,0,0,0,0,-1024,0,0,0,0,0,-1,1,0,0,0,1,0,-1,0x0000000000004009,5.6
2017-03-06,20:41:13.310,0,0,0,0,0,-1024,0,0,0,0,0,-1,1,0,0,0,1,0,-1,0x0000000000004009,5.6
2017-03-06,20:41:13.510,0,0,0,0,0,-1024,0,0,0,0,0,-1,1,0,0,0,1,0,-1,0x0000000000004009,5.6
2017-03-06,20:41:13.710,0,0,0,0,0,-1024,0,0,0,0,0,-1,1,0,0,0,1,0,-1,0x0000000000004009,5.6
2017-03-06,20:41:13.910,0,0,0,0,0,-1024,0,0,0,0,0,-1,1,0,0,0,1,0,-1,0x0000000000004009,5.6
2017-03-06,20:41:14.110,0,0,0,0,0,-1024,0,0,0,0,0,-1,1,0,0,0,1,0,-1,0x0000000000004009,5.6
2017-03-06,20:41:14.310,0,0,0,0,0,-1024,0,0,0,0,0,-1,1,0,0,0,1,0,-1,0x0000000000004009,5.6
2017-03-06,20:41:14.510,0,0,0,0,0,-1024,0,0,0,0,0,-1,1,0,0,0,1,0,-1,0x0000000000004009,5.6
2017-03-06,20:41:14.710,0,0,0,0,0,-1024,0,0,0,0,0,-1,1,0,0,0,1,0,-1,0x0000000000004009,5.6
2017-03-06,20:41:14.910,0,0,0,0,0,-1024,0,0,0,0,0,-1,1,0,0,0,1,0,-1,0x0000000000004009,5.6
2017-03-06,20:41:15.110,0,0,0,0,0,-1024,0,0,0,0,0,-1,1,0,0,0,1,0,-1,0x0000000000004009,5.6
2017-03-06,20:41:15.310,0,0,0,0,0,-1024,0,0,0,0,0,-1,1,0,0,0,1,0,-1,0x0000000000004009,5.6
2017-03-06,20:41:15.510,0,0,0,0,0,-1024,0,0,0,0,0,-1,1,0,0,0,1,0,-1,0x0000000000004009,5.6
2017-03-06,20:41:15.710,0,0,0,0,0,-1024,0,0,0,0,0,-1,1,0,0,0,1,0,-1,0x0000000000004009,5.6
2017-03-06,20:41:15.910,0,0,0,0,0,-1024,0,0,0,0,0,-1,1,0,0,0,1,0,-1,0x0000000000004009,5.6
2017-03-06,20:41:16.110,0,0,0,0,0,-1024,0,0,0,0,0,-1,1,0,0,0,1,0,-1,0x0000000000004009,5.6
2017-03-06,20:41:16.310,0,0,0,0,0,-1024,0,0,0,0,0,-1,1,0,0,0,1,0,-1,0x0000000000004009,5.6
2017-03-06,20:41:16.510,0,0,0,0,0,-1024,0,0,0,0,0,-1,1,0,0,0,1,0,-1,0x0000000000004009,5.6
2017-03-06,20:41:16.710,0,0,0,0,0,-1024,0,0,0,0,0,-1,1,0,0,0,1,0,-1,0x0000000000004009,5.6
2017-03-06,20:41:16.910,0,0,0,0,0,-1024,0,0,0,0,0,-1,1,0,0,0,1,0,-1,0x0000000000004009,5.6
2017-03-06,20:41:17.110,0,0,0,0,0,-1024,0,0,0,0,0,-1,1,0,0,0,1,0,-1,0x0000000000004009,5.6
2017-03-06,20:41:17.310,0,0,0,0,0,-1024,0,0,0,0,0,-1,1,0,0,0,1,0,-1,0x0000000000004009,5.6
2017-03-06,20:41:17.510,0,0,0,0,0,-1024,0,0,0,0,0,-1,1,0,0,0,1,0,-1,0x0000000000004009,5.6
2017-03-06,20:41:17.710,0,0,0,0,0,-1024,0,0,0,0,0,-1,1,0,0,0,1,0,-1,0x0000000000004009,5.6
2017-03-06,20:41:17.910,0,0,0,0,0,-1024,0,0,0,0,0,-1,1,0,0,0,1,0,-1,0x0000000000004009,5.6
2017-03-06,20:41:18.110,0,0,0,0,0,-1024,0,0,0,0,0,-1,1,0,0,0,1,0,-1,0x0000000000004009,5.6
2017-03-06,20:41:18.310,0,0,0,0,0,-1024,0,0,0,0,0,-1,1,0,0,0,1,0,-1,0x0000000000004009,5.6
2017-03-06,20:41:18.510,0,0,0,0,0,-1024,0,0,0,0,0,-1,1,0,0,0,1,0,-1,0x0000000000004009,5.6
2017-03-06,20:41:18.710,0,0,0,0,0,-1024,0,0,0,0,0,-1,1,0,0,0,1,0,-1,0x0000000000004009,5.6
2017-03-06,20:41:18.910,0,0,0,0,0,-1024,0,0,0,0,0,-1,1,0,0,0,1,0,-1,0x0000000000004009,5.6
2017-03-06,20:41:19.110,0,0,0,0,0,-1024,0,0,0,0,0,-1,1,0,0,0,1,0,-1,0x0000000000004009,5.6
2017-03-06,20:41:19.310,0,0,0,0,0,-1024,0,0,0,0,0,-1,1,0,0,0,1,0,-1,0x0000000000004009,5.6
2017-03-06,20:41:19.510,0,0,0,0,0,-1024,0,0,0,0,0,-1,1,0,0,0,1,0,-1,0x0000000000004009,5.6
2017-03-06,20:41:19.710,0,0,0,0,0,-1024,0,0,0,0,0,-1,1,0,0,0,1,0,-1,0x0000000000004009,5.6
2017-03-06,20:41:19.910,0,0,0,0,0,-1024,0,0,0,0,0,-1,1,0,0,0,1,0,-1,0x0000000000004009,5.6
2017-03-06,20:41:20.110,0,0,0,0,0,-1024,0,0,0,0,0,-1,1,0,0,0,1,0,-1,0x0000000000004009,5.6
2017-03-06,20:41:20.310,0,0,0,0,0,-1024,0,0,0,0,0,-1,1,0,0,0,1,0,-1,0x0000000000004009,5.6
2017-03-06,20:41:20.510,0,0,0,0,0,-1024,0,0,0,0,0,-1,1,0,0,0,1,0,-1,0x0000000000004009,5.6
2017-03-06,20:41:20.710,0,0,0,0,0,-1024,0,0,0,0,0,-1,1,0,0,0,1,0,-1,0x0000000000004009,5.6
2017-03-06,20:41:20.910,0,0,0,0,0,-1024,0,0,0,0,0,-1,1,0,0,0,1,0,-1,0x0000000000004009,5.6
2017-03-06,20:41:21.110,0,0,0,0,0,-1024,0,0,0,0,0,-1,1,0,0,0,1,0,-1,0x0000000000004009,5.6
2017-03-06,20:41:21.310,0,0,0,0,0,-1024,0,0,0,0,0,-1,1,0,0,0,1,0,-1,0x0000000000004009,5.6
2017-03-06,20:41:21.510,0,0,0,0,0,-1024,0,0,0,0,0,-1,1,0,0,0,1,0,-1,0x0000000000004009,5.6
2017-03-06,20:41:21.710,0,0,0,0,0,-1024,0,0,0,0,0,-1,1,0,0,0,1,0,-1,0x0000000000004009,5.6
2017-03-06,20:41:21.910,0,0,0,0,0,-1024,0,0,0,0,0,-1,1,0,0,0,1,0,-1,0x0000000000004009,5.6
2017-03-06,20:41:22.110,0,0,0,0,0,-1024,0,0,0,0,0,-1,1,0,0,0,1,0,-1,0x0000000000004009,5.6
2017-03-06,20:41:22.310,0,0,0,0,0,-1024,0,0,0,0,0,-1,1,0,0,0,1,0,-1,0x0000000000004009,5.6
2017-03-06,20:41:22.510,0,0,0,0,0,-1024,0,0,0,0,0,-1,1,0,0,0,1,0,-1,0x0000000000004009,5.6
2017-03-06,20:41:22.710,0,0,0,0,0,-1024,0,0,0,0,0,-1,1,0,0,0,1,0,-1,0x0000000000004009,5.6
2017-03-06,20:41:22.910,0,0,0,0,0,-1024,0,0,0,0,0,-1,1,0,0,0,1,0,-1,0x0000000000004009,5.6
2017-03-06,20:41:23.110,0,0,0,0,0,-1024,0,0,0,0,0,-1,1,0,0,0,1,0,-1,0x0000000000004009,5.6
2017-03-06,20:41:23.310,0,0,0,0,0,-1024,0,0,0,0,0,-1,1,0,0,0,1,0,-1,0x0000000000004009,5.6
2017-03-06,20:41:23.510,0,0,0,0,0,-1024,0,0,0,0,0,-1,1,0,0,0,1,0,-1,0x0000000000004009,5.6
2017-03-06,20:41:23.710,0,0,0,0,0,-1024,0,0,0,0,0,-1,1,0,0,0,1,0,-1,0x0000000000004009,5.6
2017-03-06,20:41:23.910,0,0,0,0,0,-1024,0,0,0,0,0,-1,1,0,0,0,1,0,-1,0x0000000000004009,5.6
2017-03-06,20:41:24.110,0,0,0,0,0,-1024,0,0,0,0,0,-1,1,0,0,0,1,0,-1,0x0000000000004009,5.6
2017-03-06,20:41:24.310,0,0,0,0,0,-1024,0,0,0,0,0,-1,1,0,0,0,1,0,-1,0x0000000000004009,5.6
2017-03-06,20:41:24.510,0,0,0,0,0,-1024,0,0,0,0,0,-1,1,0,0,0,1,0,-1,0x0000000000004009,5.6
2017-03-06,20:41:24.710,0,0,0,0,0,-1024,0,0,0,0,0,-1,1,0,0,0,1,0,-1,0x0000000000004009,5.6
2017-03-06,20:41:24.910,0,0,0,0,0,-1024,0,0,0,0,0,-1,1,0,0,0,1,0,-1,0x0000000000004009,5.6
2017-03-06,20:41:25.120,0,0,0,0,0,-1024,0,0,0,0,0,-1,1,0,0,0,1,0,-1,0x0000000000004009,5.6
2017-03-06,20:41:25.320,0,0,0,0,0,-1024,0,0,0,0,0,-1,1,0,0,0,1,0,-1,0x0000000000004009,5.6
2017-03-06,20:41:25.560,0,0,0,0,0,-1024,0,0,0,0,0,-1,1,0,0,0,1,0,-1,0x0000000000004009,5.6
2017-03-06,20:41:25.770,0,0,0,0,0,-1024,0,0,0,0,0,-1,1,0,0,0,1,0,-1,0x0000000000004009,5.6
2017-03-06,20:41:25.970,0,0,0,0,0,-1024,0,0,0,0,0,-1,1,0,0,0,1,0,-1,0x0000000000004009,5.6
2017-03-06,20:41:26.170,0,0,0,0,0,-1024,0,0,0,0,0,-1,1,0,0,0,1,0,-1,0x0000000000004009,5.6
2017-03-06,20:41:26.370,0,0,0,0,0,-1024,0,0,0,0,0,-1,1,0,0,0,1,0,-1,0x0000000000004009,5.6
2017-03-06,20:41:26.570,0,0,0,0,0,-1024,0,0,0,0,0,-1,1,0,0,0,1,0,-1,0x0000000000004009,5.6
2017-03-06,20:41:26.770,0,0,0,0,0,-1024,0,0,0,0,0,-1,1,0,0,0,1,0,-1,0x0000000000004009,5.6
2017-03-06,20:41:26.970,0,0,0,0,0,-1024,0,0,0,0,0,-1,1,0,0,0,1,0,-1,0x0000000000004009,5.6
2017-03-06,20:41:27.170,0,0,0,0,0,-1024,0,0,0,0,0,-1,1,0,0,0,1,0,-1,0x0000000000004009,5.6
2017-03-06,20:41:27.370,0,0,0,0,0,-1024,0,0,0,0,0,-1,1,0,0,0,1,0,-1,0x0000000000004009,5.6
2017-03-06,20:41:27.570,0,0,0,0,0,-1024,0,0,0,0,0,-1,1,0,0,0,1,0,-1,0x0000000000004009,5.6
2017-03-06,20:41:27.770,0,0,0,0,0,-1024,0,0,0,0,0,-1,1,0,0,0,1,0,-1,0x0000000000004009,5.6
2017-03-06,20:41:27.970,0,0,0,0,0,-1024,0,0,0,0,0,-1,1,0,0,0,1,0,-1,0x0000000000004009,5.6
2017-03-06,20:41:28.170,0,0,0,0,0,-1024,0,0,0,0,0,-1,1,0,0,0,1,0,-1,0x0000000000004009,5.6
2017-03-06,20:41:28.370,0,0,0,0,0,-1024,0,0,0,0,0,-1,1,0,0,0,1,0,-1,0x0000000000004009,5.6
2017-03-06,20:41:28.570,0,0,0,0,0,-1024,0,0,0,0,0,-1,1,0,0,0,1,0,-1,0x0000000000004009,5.6
2017-03-06,20:41:28.770,0,0,0,0,0,-1024,0,0,0,0,0,-1,1,0,0,0,1,0,-1,0x0000000000004009,5.6
2017-03-06,20:41:28.970,0,0,0,0,0,-1024,0,0,0,0,0,-1,1,0,0,0,1,0,-1,0x0000000000004009,5.6
2017-03-06,20:41:29.170,0,0,0,0,0,-1024,0,0,0,0,0,-1,1,0,0,0,1,0,-1,0x0000000000004009,5.6
2017-03-06,20:41:29.370,0,0,0,0,0,-1024,0,0,0,0,0,-1,1,0,0,0,1,0,-1,0x0000000000004009,5.6
2017-03-06,20:41:29.570,0,0,0,0,0,-1024,0,0,0,0,0,-1,1,0,0,0,1,0,-1,0x0000000000004009,5.6
2017-03-06,20:41:29.770,0,0,0,0,0,-1024,0,0,0,0,0,-1,1,0,0,0,1,0,-1,0x0000000000004009,5.6
2017-03-06,20:41:29.970,0,0,0,0,0,-1024,0,0,0,0,0,-1,1,0,0,0,1,0,-1,0x0000000000004009,5.6
2017-03-06,20:41:30.170,0,0,0,0,0,-1024,0,0,0,0,0,-1,1,0,0,0,1,0,-1,0x0000000000004009,5.6
2017-03-06,20:41:30.370,0,0,0,0,0,-1024,0,0,0,0,0,-1,1,0,0,0,1,0,-1,0x0000000000004009,5.6
2017-03-06,20:41:30.570,0,0,0,0,0,-1024,0,0,0,0,0,-1,1,0,0,0,1,0,-1,0x0000000000004009,5.6
2017-03-06,20:41:30.770,0,0,0,0,0,-1024,0,0,0,0,0,-1,1,0,0,0,1,0,-1,0x0000000000004009,5.6
2017-03-06,20:41:30.970,0,0,0,0,0,-1024,0,0,0,0,0,-1,1,0,0,0,1,0,-1,0x0000000000004009,5.6
2017-03-06,20:41:31.170,0,0,0,0,0,-1024,0,0,0,0,0,-1,1,0,0,0,1,0,-1,0x0000000000004009,5.6
2017-03-06,20:41:31.380,0,0,0,0,0,-1024,0,0,0,0,0,-1,1,0,0,0,1,0,-1,0x0000000000004009,5.6
2017-03-06,20:41:31.580,0,0,0,0,0,-1024,0,0,0,0,0,-1,1,0,0,0,1,0,-1,0x0000000000004009,5.6
2017-03-06,20:41:31.780,0,0,0,0,0,-1024,0,0,0,0,0,-1,1,0,0,0,1,0,-1,0x0000000000004009,5.6
2017-03-06,20:41:31.980,0,0,0,0,0,-1024,0,0,0,0,0,-1,1,0,0,0,1,0,-1,0x0000000000004009,5.6
2017-03-06,20:41:32.180,0,0,0,0,0,-1024,0,0,0,0,0,-1,1,0,0,0,1,0,-1,0x0000000000004009,5.6
2017-03-06,20:41:32.380,0,0,0,0,0,-1024,0,0,0,0,0,-1,1,0,0,0,1,0,-1,0x0000000000004009,5.6
2017-03-06,20:41:32.580,0,0,0,0,0,-1024,0,0,0,0,0,-1,1,0,0,0,1,0,-1,0x0000000000004009,5.6
2017-03-06,20:41:32.780,0,0,0,0,0,-1024,0,0,0,0,0,-1,1,0,0,0,1,0,-1,0x0000000000004009,5.6
2017-03-06,20:41:32.980,0,0,0,0,0,-1024,0,0,0,0,0,-1,1,0,0,0,1,0,-1,0x0000000000004009,5.6
2017-03-06,20:41:33.180,0,0,0,0,0,-1024,0,0,0,0,0,-1,1,0,0,0,1,0,-1,0x0000000000004009,5.6
2017-03-06,20:41:33.380,0,0,0,0,0,-1024,0,0,0,0,0,-1,1,0,0,0,1,0,-1,0x0000000000004009,5.6
2017-03-06,20:41:33.580,0,0,0,0,0,-1024,0,0,0,0,0,-1,1,0,0,0,1,0,-1,0x0000000000004009,5.6
2017-03-06,20:41:33.780,0,0,0,0,0,-1024,0,0,0,0,0,-1,1,0,0,0,1,0,-1,0x0000000000004009,5.6
2017-03-06,20:41:33.980,0,0,0,0,0,-1024,0,0,0,0,0,-1,1,0,0,0,1,0,-1,0x0000000000004009,5.6
2017-03-06,20:41:34.180,0,0,0,0,0,-1024,0,0,0,0,0,-1,1,0,0,0,1,0,-1,0x0000000000004009,5.6
2017-03-06,20:41:34.380,0,0,0,0,0,-1024,0,0,0,0,0,-1,1,0,0,0,1,0,-1,0x0000000000004009,5.6
2017-03-06,20:41:34.580,0,0,0,0,0,-1024,0,0,0,0,0,-1,1,0,0,0,1,0,-1,0x0000000000004009,5.6
2017-03-06,20:41:34.780,0,0,0,0,0,-1024,0,0,0,0,0,-1,1,0,0,0,1,0,-1,0x0000000000004009,5.6
2017-03-06,20:41:34.980,0,0,0,0,0,-1024,0,0,0,0,0,-1,1,0,0,0,1,0,-1,0x0000000000004009,5.6
2017-03-06,20:41:35.180,0,0,0,0,0,-1024,0,0,0,0,0,-1,1,0,0,0,1,0,-1,0x0000000000004009,5.6
2017-03-06,20:41:35.380,0,0,0,0,0,-1024,0,0,0,0,0,-1,1,0,0,0,1,0,-1,0x0000000000004009,5.6
2017-03-06,20:41:35.580,0,0,0,0,0,-1024,0,0,0,0,0,-1,1,0,0,0,1,0,-1,0x0000000000004009,5.6
2017-03-06,20:41:35.780,0,0,0,0,0,-1024,0,0,0,0,0,-1,1,0,0,0,1,0,-1,0x0000000000004009,5.6
2017-03-06,20:41:35.980,0,0,0,0,0,-1024,0,0,0,0,0,-1,1,0,0,0,1,0,-1,0x0000000000004009,5.6
2017-03-06,20:41:36.180,0,0,0,0,0,-1024,0,0,0,0,0,-1,1,0,0,0,1,0,-1,0x0000000000004009,5.6
2017-03-06,20:41:36.380,0,0,0,0,0,-1024,0,0,0,0,0,-1,1,0,0,0,1,0,-1,0x0000000000004009,5.6
2017-03-06,20:41:36.580,0,0,0,0,0,-1024,0,0,0,0,0,-1,1,0,0,0,1,0,-1,0x0000000000004009,5.6
2017-03-06,20:41:36.780,0,0,0,0,0,-1024,0,0,0,0,0,-1,1,0,0,0,1,0,-1,0x0000000000004009,5.6
2017-03-06,20:41:36.980,0,0,0,0,0,-1024,0,0,0,0,0,-1,1,0,0,0,1,0,-1,0x0000000000004009,5.6
2017-03-06,20:41:37.180,0,0,0,0,0,-1024,0,0,0,0,0,-1,1,0,0,0,1,0,-1,0x0000000000004009,5.6
2017-03-06,20:41:37.380,0,0,0,0,0,-1024,0,0,0,0,0,-1,1,0,0,0,1,0,-1,0x0000000000004009,5.6
2017-03-06,20:41:37.580,0,0,0,0,0,-1024,0,0,0,0,0,-1,1,0,0,0,1,0,-1,0x0000000000004009,5.6
2017-03-06,20:41:37.780,0,0,0,0,0,-1024,0,0,0,0,0,-1,1,0,0,0,1,0,-1,0x0000000000004009,5.6
2017-03-06,20:41:37.980,0,0,0,0,0,-1024,0,0,0,0,0,-1,1,0,0,0,1,0,-1,0x0000000000004009,5.6
2017-03-06,20:41:38.180,0,0,0,0,0,-1024,0,0,0,0,0,-1,1,0,0,0,1,0,-1,0x0000000000004009,5.6
2017-03-06,20:41:38.380,0,0,0,0,0,-1024,0,0,0,0,0,-1,1,0,0,0,1,0,-1,0x0000000000004009,5.6
2017-03-06,20:41:38.580,0,0,0,0,0,-1024,0,0,0,0,0,-1,1,0,0,0,1,0,-1,0x0000000000004009,5.6
2017-03-06,20:41:38.780,0,0,0,0,0,-1024,0,0,0,0,0,-1,1,0,0,0,1,0,-1,0x0000000000004009,5.6
2017-03-06,20:41:38.980,0,0,0,0,0,-1024,0,0,0,0,0,-1,1,0,0,0,1,0,-1,0x0000000000004009,5.6
2017-03-06,20:41:39.180,0,0,0,0,0,-1024,0,0,0,0,0,-1,1,0,0,0,1,0,-1,0x0000000000004009,5.6
2017-03-06,20:41:39.380,0,0,0,0,0,-1024,0,0,0,0,0,-1,1,0,0,0,1,0,-1,0x0000000000004009,5.6
2017-03-06,20:41:39.580,0,0,0,0,0,-1024,0,0,0,0,0,-1,1,0,0,0,1,0,-1,0x0000000000004009,5.6
2017-03-06,20:41:39.780,0,0,0,0,0,-1024,0,0,0,0,0,-1,1,0,0,0,1,0,-1,0x0000000000004009,5.6
2017-03-06,20:41:39.980,0,0,0,0,0,-1024,0,0,0,0,0,-1,1,0,0,0,1,0,-1,0x0000000000004009,5.6
2017-03-06,20:41:40.180,0,0,0,0,0,-1024,0,0,0,0,0,-1,1,0,0,0,1,0,-1,0x0000000000004009,5.6
2017-03-06,20:41:40.380,0,0,0,0,0,-1024,0,0,0,0,0,-1,1,0,0,0,1,0,-1,0x0000000000004009,5.6
2017-03-06,20:41:40.580,0,0,0,0,0,-1024,0,0,0,0,0,-1,1,0,0,0,1,0,-1,0x0000000000004009,5.6
2017-03-06,20:41:40.780,0,0,0,0,0,-1024,0,0,0,0,0,-1,1,0,0,0,1,0,-1,0x0000000000004009,5.6
2017-03-06,20:41:40.980,0,0,0,0,0,-1024,0,0,0,0,0,-1,1,0,0,0,1,0,-1,0x0000000000004009,5.6
2017-03-06,20:41:41.180,0,0,0,0,0,-1024,0,0,0,0,0,-1,1,0,0,0,1,0,-1,0x0000000000004009,5.6
2017-03-06,20:41:41.380,0,0,0,0,0,-1024,0,0,0,0,0,-1,1,0,0,0,1,0,-1,0x0000000000004009,5.6
2017-03-06,20:41:41.580,0,0,0,0,0,-1024,0,0,0,0,0,-1,1,0,0,0,1,0,-1,0x0000000000004009,5.6
2017-03-06,20:41:41.780,0,0,0,0,0,-1024,0,0,0,0,0,-1,1,0,0,0,1,0,-1,0x0000000000004009,5.6
2017-03-06,20:41:41.980,0,0,0,0,0,-1024,0,0,0,0,0,-1,1,0,0,0,1,0,-1,0x0000000000004009,5.6
2017-03-06,20:41:42.180,0,0,0,0,0,-1024,0,0,0,0,0,-1,1,0,0,0,1,0,-1,0x0000000000004009,5.6
2017-03-06,20:41:42.380,0,0,0,0,0,-1024,0,0,0,0,0,-1,1,0,0,0,1,0,-1,0x0000000000004009,5.6
2017-03-06,20:41:42.580,0,0,0,0,0,-1024,0,0,0,0,0,-1,1,0,0,0,1,0,-1,0x0000000000004009,5.6
2017-03-06,20:41:42.780,0,0,0,0,0,-1024,0,0,0,0,0,-1,1,0,0,0,1,0,-1,0x0000000000004009,5.6
2017-03-06,20:41:42.980,0,0,0,0,0,-1024,0,0,0,0,0,-1,1,0,0,0,1,0,-1,0x0000000000004009,5.6
2017-03-06,20:41:43.180,0,0,0,0,0,-1024,0,0,0,0,0,-1,1,0,0,0,1,0,-1,0x0000000000004009,5.6
2017-03-06,20:41:43.380,0,0,0,0,0,-1024,0,0,0,0,0,-1,1,0,0,0,1,0,-1,0x0000000000004009,5.6
2017-03-06,20:41:43.580,0,0,0,0,0,-1024,0,0,0,0,0,-1,1,0,0,0,1,0,-1,0x0000000000004009,5.6
2017-03-06,20:41:43.780,0,0,0,0,0,-1024,0,0,0,0,0,-1,1,0,0,0,1,0,-1,0x0000000000004009,5.6
2017-03-06,20:41:43.980,0,0,0,0,0,-1024,0,0,0,0,0,-1,1,0,0,0,1,0,-1,0x0000000000004009,5.6
2017-03-06,20:41:44.180,0,0,0,0,0,-1024,0,0,0,0,0,-1,1,0,0,0,1,0,-1,0x0000000000004009,5.6
2017-03-06,20:41:44.380,0,0,0,0,0,-1024,0,0,0,0,0,-1,1,0,0,0,1,0,-1,0x0000000000004009,5.6
2017-03-06,20:41:44.580,0,0,0,0,0,-1024,0,0,0,0,0,-1,1,0,0,0,1,0,-1,0x0000000000004009,5.6
2017-03-06,20:41:44.780,0,0,0,0,0,-1024,0,0,0,0,0,-1,1,0,0,0,1,0,-1,0x0000000000004009,5.6
2017-03-06,20:41:44.980,0,0,0,0,0,-1024,0,0,0,0,0,-1,1,0,0,0,1,0,-1,0x0000000000004009,5.6
2017-03-06,20:41:45.180,0,0,0,0,0,-1024,0,0,0,0,0,-1,1,0,0,0,1,0,-1,0x0000000000004009,5.6
2017-03-06,20:41:45.380,0,0,0,0,0,-1024,0,0,0,0,0,-1,1,0,0,0,1,0,-1,0x0000000000004009,5.6
2017-03-06,20:41:45.580,0,0,0,0,0,-1024,0,0,0,0,0,-1,1,0,0,0,1,0,-1,0x0000000000004009,5.6
2017-03-06,20:41:45.780,0,0,0,0,0,-1024,0,0,0,0,0,-1,1,0,0,0,1,0,-1,0x0000000000004009,5.6
2017-03-06,20:41:45.990,0,0,0,0,0,-1024,0,0,0,0,0,-1,1,0,0,0,1,0,-1,0x0000000000004009,5.6
2017-03-06,20:41:46.230,0,0,0,0,0,-1024,0,0,0,0,0,-1,1,0,0,0,1,0,-1,0x0000000000004009,5.6
2017-03-06,20:41:46.430,0,0,0,0,0,-1024,0,0,0,0,0,-1,1,0,0,0,1,0,-1,0x0000000000004009,5.6
2017-03-06,20:41:46.640,0,0,0,0,0,-1024,0,0,0,0,0,-1,1,0,0,0,1,0,-1,0x0000000000004009,5.6
2017-03-06,20:41:46.840,0,0,0,0,0,-1024,0,0,0,0,0,-1,1,0,0,0,1,0,-1,0x0000000000004009,5.6
2017-03-06,20:41:47.040,0,0,0,0,0,-1024,0,0,0,0,0,-1,1,0,0,0,1,0,-1,0x0000000000004009,5.6
2017-03-06,20:41:47.240,0,0,0,0,0,-1024,0,0,0,0,0,-1,1,0,0,0,1,0,-1,0x0000000000004009,5.6
2017-03-06,20:41:47.440,0,0,0,0,0,-1024,0,0,0,0,0,-1,1,0,0,0,1,0,-1,0x0000000000004009,5.6
2017-03-06,20:41:47.640,0,0,0,0,0,-1024,0,0,0,0,0,-1,1,0,0,0,1,0,-1,0x0000000000004009,5.6
2017-03-06,20:41:47.840,0,0,0,0,0,-1024,0,0,0,0,0,-1,1,0,0,0,1,0,-1,0x0000000000004009,5.6
2017-03-06,20:41:48.040,0,0,0,0,0,-1024,0,0,0,0,0,-1,1,0,0,0,1,0,-1,0x0000000000004009,5.6
2017-03-06,20:41:48.240,0,0,0,0,0,-1024,0,0,0,0,0,-1,1,0,0,0,1,0,-1,0x0000000000004009,5.6
2017-03-06,20:41:48.440,0,0,0,0,0,-1024,0,0,0,0,0,-1,1,0,0,0,1,0,-1,0x0000000000004009,5.6
2017-03-06,20:41:48.640,0,0,0,0,0,-1024,0,0,0,0,0,-1,1,0,0,0,1,0,-1,0x0000000000004009,5.6
2017-03-06,20:41:48.840,0,0,0,0,0,-1024,0,0,0,0,0,-1,1,0,0,0,1,0,-1,0x0000000000004009,5.6
2017-03-06,20:41:49.040,0,0,0,0,0,-1024,0,0,0,0,0,-1,1,0,0,0,1,0,-1,0x0000000000004009,5.6
2017-03-06,20:41:49.240,0,0,0,0,0,-1024,0,0,0,0,0,-1,1,0,0,0,1,0,-1,0x0000000000004009,5.6
2017-03-06,20:41:49.440,0,0,0,0,0,-1024,0,0,0,0,0,-1,1,0,0,0,1,0,-1,0x0000000000004009,5.6
2017-03-06,20:41:49.640,0,0,0,0,0,-1024,0,0,0,0,0,-1,1,0,0,0,1,0,-1,0x0000000000004009,5.6
2017-03-06,20:41:49.840,0,0,0,0,0,-1024,0,0,0,0,0,-1,1,0,0,0,1,0,-1,0x0000000000004009,5.6
2017-03-06,20:41:50.040,0,0,0,0,0,-1024,0,0,0,0,0,-1,1,0,0,0,1,0,-1,0x0000000000004009,5.6
2017-03-06,20:41:50.240,0,0,0,0,0,-1024,0,0,0,0,0,-1,1,0,0,0,1,0,-1,0x0000000000004009,5.6
2017-03-06,20:41:50.440,0,0,0,0,0,-1024,0,0,0,0,0,-1,1,0,0,0,1,0,-1,0x0000000000004009,5.6
2017-03-06,20:41:50.640,0,0,0,0,0,-1024,0,0,0,0,0,-1,1,0,0,0,1,0,-1,0x0000000000004009,5.6
2017-03-06,20:41:50.840,0,0,0,0,0,-1024,0,0,0,0,0,-1,1,0,0,0,1,0,-1,0x0000000000004009,5.6
2017-03-06,20:41:51.040,0,0,0,0,0,-1024,0,0,0,0,0,-1,1,0,0,0,1,0,-1,0x0000000000004009,5.6
2017-03-06,20:41:51.240,0,0,0,0,0,-1024,0,0,0,0,0,-1,1,0,0,0,1,0,-1,0x0000000000004009,5.6
2017-03-06,20:41:51.440,0,0,0,0,0,-1024,0,0,0,0,0,-1,1,0,0,0,1,0,-1,0x0000000000004009,5.6
2017-03-06,20:41:51.640,0,0,0,0,0,-1024,0,0,0,0,0,-1,1,0,0,0,1,0,-1,0x0000000000004009,5.6
2017-03-06,20:41:51.840,0,0,0,0,0,-1024,0,0,0,0,0,-1,1,0,0,0,1,0,-1,0x0000000000004009,5.6
2017-03-06,20:41:52.040,0,0,0,0,0,-1024,0,0,0,0,0,-1,1,0,0,0,1,0,-1,0x0000000000004009,5.6
2017-03-06,20:41:52.240,0,0,0,0,0,-1024,0,0,0,0,0,-1,1,0,0,0,1,0,-1,0x0000000000004009,5.6
2017-03-06,20:41:52.440,0,0,0,0,0,-1024,0,0,0,0,0,-1,1,0,0,0,1,0,-1,0x0000000000004009,5.6
2017-03-06,20:41:52.640,0,0,0,0,0,-1024,0,0,0,0,0,-1,1,0,0,0,1,0,-1,0x0000000000004009,5.6
2017-03-06,20:41:52.840,0,0,0,0,0,-1024,0,0,0,0,0,-1,1,0,0,0,1,0,-1,0x0000000000004009,5.6
2017-03-06,20:41:53.040,0,0,0,0,0,-1024,0,0,0,0,0,-1,1,0,0,0,1,0,-1,0x0000000000004009,5.6
2017-03-06,20:41:53.240,0,0,0,0,0,-1024,0,0,0,0,0,-1,1,0,0,0,1,0,-1,0x0000000000004009,5.6
2017-03-06,20:41:53.440,0,0,0,0,0,-1024,0,0,0,0,0,-1,1,0,0,0,1,0,-1,0x0000000000004009,5.6
2017-03-06,20:41:53.640,0,0,0,0,0,-1024,0,0,0,0,0,-1,1,0,0,0,1,0,-1,0x0000000000004009,5.6
2017-03-06,20:41:53.840,0,0,0,0,0,-1024,0,0,0,0,0,-1,1,0,0,0,1,0,-1,0x0000000000004009,5.6
2017-03-06,20:41:54.040,0,0,0,0,0,-1024,0,0,0,0,0,-1,1,0,0,0,1,0,-1,0x0000000000004009,5.6
2017-03-06,20:41:54.240,0,0,0,0,0,-1024,0,0,0,0,0,-1,1,0,0,0,1,0,-1,0x0000000000004009,5.6
2017-03-06,20:41:54.440,0,0,0,0,0,-1024,0,0,0,0,0,-1,1,0,0,0,1,0,-1,0x0000000000004009,5.6
2017-03-06,20:41:54.640,0,0,0,0,0,-1024,0,0,0,0,0,-1,1,0,0,0,1,0,-1,0x0000000000004009,5.6
2017-03-06,20:41:54.840,0,0,0,0,0,-1024,0,0,0,0,0,-1,1,0,0,0,1,0,-1,0x0000000000004009,5.6
2017-03-06,20:41:55.040,0,0,0,0,0,-1024,0,0,0,0,0,-1,1,0,0,0,1,0,-1,0x0000000000004009,5.6
2017-03-06,20:41:55.240,0,0,0,0,0,-1024,0,0,0,0,0,-1,1,0,0,0,1,0,-1,0x0000000000004009,5.6
2017-03-06,20:41:55.440,0,0,0,0,0,-1024,0,0,0,0,0,-1,1,0,0,0,1,0,-1,0x0000000000004009,5.6
2017-03-06,20:41:55.640,0,0,0,0,0,-1024,0,0,0,0,0,-1,1,0,0,0,1,0,-1,0x0000000000004009,5.6
2017-03-06,20:41:55.850,0,0,0,0,0,-1024,0,0,0,0,0,-1,1,0,0,0,1,0,-1,0x0000000000004009,5.6
2017-03-06,20:41:56.090,0,0,0,0,0,-1024,0,0,0,0,0,-1,1,0,0,0,1,0,-1,0x0000000000004009,5.6
2017-03-06,20:41:56.300,0,0,0,0,0,-1024,0,0,0,0,0,-1,1,0,0,0,1,0,-1,0x0000000000004009,5.6
2017-03-06,20:41:56.500,0,0,0,0,0,-1024,0,0,0,0,0,-1,1,0,0,0,1,0,-1,0x0000000000004009,5.6
2017-03-06,20:41:56.700,0,0,0,0,0,-1024,0,0,0,0,0,-1,1,0,0,0,1,0,-1,0x0000000000004009,5.6
2017-03-06,20:41:56.900,0,0,0,0,0,-1024,0,0,0,0,0,-1,1,0,0,0,1,0,-1,0x0000000000004009,5.6
2017-03-06,20:41:57.100,0,0,0,0,0,-1024,0,0,0,0,0,-1,1,0,0,0,1,0,-1,0x0000000000004009,5.6
2017-03-06,20:41:57.300,0,0,0,0,0,-1024,0,0,0,0,0,-1,1,0,0,0,1,0,-1,0x0000000000004009,5.6
2017-03-06,20:41:57.500,0,0,0,0,0,-1024,0,0,0,0,0,-1,1,0,0,0,1,0,-1,0x0000000000004009,5.6
2017-03-06,20:41:57.700,0,0,0,0,0,-1024,0,0,0,0,0,-1,1,0,0,0,1,0,-1,0x0000000000004009,5.6
2017-03-06,20:41:57.900,0,0,0,0,0,-1024,0,0,0,0,0,-1,1,0,0,0,1,0,-1,0x0000000000004009,5.6
2017-03-06,20:41:58.100,0,0,0,0,0,-1024,0,0,0,0,0,-1,1,0,0,0,1,0,-1,0x0000000000004009,5.6
2017-03-06,20:41:58.300,0,0,0,0,0,-1024,0,0,0,0,0,-1,1,0,0,0,1,0,-1,0x0000000000004009,5.6
2017-03-06,20:41:58.500,0,0,0,0,0,-1024,0,0,0,0,0,-1,1,0,0,0,1,0,-1,0x0000000000004009,5.6
2017-03-06,20:41:58.700,0,0,0,0,0,-1024,0,0,0,0,0,-1,1,0,0,0,1,0,-1,0x0000000000004009,5.6
2017-03-06,20:41:58.900,0,0,0,0,0,-1024,0,0,0,0,0,-1,1,0,0,0,1,0,-1,0x0000000000004009,5.6
2017-03-06,20:41:59.100,0,0,0,0,0,-1024,0,0,0,0,0,-1,1,0,0,0,1,0,-1,0x0000000000004009,5.6
2017-03-06,20:41:59.300,0,0,0,0,0,-1024,0,0,0,0,0,-1,1,0,0,0,1,0,-1,0x0000000000004009,5.6
2017-03-06,20:41:59.500,0,0,0,0,0,-1024,0,0,0,0,0,-1,1,0,0,0,1,0,-1,0x0000000000004009,5.6
2017-03-06,20:41:59.700,0,0,0,0,0,-1024,0,0,0,0,0,-1,1,0,0,0,1,0,-1,0x0000000000004009,5.6
2017-03-06,20:41:59.900,0,0,0,0,0,-1024,0,0,0,0,0,-1,1,0,0,0,1,0,-1,0x0000000000004009,5.6
2017-03-06,20:42:00.120,0,0,0,0,0,-1024,0,0,0,0,0,-1,1,0,0,0,1,0,-1,0x0000000000004009,5.6
2017-03-06,20:42:00.370,0,0,0,0,0,-1024,0,0,0,0,0,-1,1,0,0,0,1,0,-1,0x0000000000004009,5.6
2017-03-06,20:42:00.570,0,0,0,0,0,-1024,0,0,0,0,0,-1,1,0,0,0,1,0,-1,0x0000000000004009,5.6
2017-03-06,20:42:00.810,0,0,0,0,0,-1024,0,0,0,0,0,-1,1,0,0,0,1,0,-1,0x0000000000004009,5.6
2017-03-06,20:42:01.020,0,0,0,0,0,-1024,0,0,0,0,0,-1,1,0,0,0,1,0,-1,0x0000000000004009,5.6
2017-03-06,20:42:01.220,0,0,0,0,0,-1024,0,0,0,0,0,-1,1,0,0,0,1,0,-1,0x0000000000004009,5.6
2017-03-06,20:42:01.420,0,0,0,0,0,-1024,0,0,0,0,0,-1,1,0,0,0,1,0,-1,0x0000000000004009,5.6
2017-03-06,20:42:01.620,0,0,0,0,0,-1024,0,0,0,0,0,-1,1,0,0,0,1,0,-1,0x0000000000004009,5.6
2017-03-06,20:42:01.820,0,0,0,0,0,-1024,0,0,0,0,0,-1,1,0,0,0,1,0,-1,0x0000000000004009,5.6
2017-03-06,20:42:02.020,0,0,0,0,0,-1024,0,0,0,0,0,-1,1,0,0,0,1,0,-1,0x0000000000004009,5.6
2017-03-06,20:42:02.270,0,0,0,0,0,-1024,0,0,0,0,0,-1,1,0,0,0,1,0,-1,0x0000000000004009,5.6
2017-03-06,20:42:02.510,0,0,0,0,0,-1024,0,0,0,0,0,-1,1,0,0,0,1,0,-1,0x0000000000004009,5.6
2017-03-06,20:42:02.720,0,0,0,0,0,-1024,0,0,0,0,0,-1,1,0,0,0,1,0,-1,0x0000000000004009,5.6
2017-03-06,20:42:02.920,0,0,0,0,0,-1024,0,0,0,0,0,-1,1,0,0,0,1,0,-1,0x0000000000004009,5.6
2017-03-06,20:42:03.120,0,0,0,0,0,-1024,0,0,0,0,0,-1,1,0,0,0,1,0,-1,0x0000000000004009,5.6
2017-03-06,20:42:03.320,0,0,0,0,0,-1024,0,0,0,0,0,-1,1,0,0,0,1,0,-1,0x0000000000004009,5.6
2017-03-06,20:42:03.520,0,0,0,0,0,-1024,0,0,0,0,0,-1,1,0,0,0,1,0,-1,0x0000000000004009,5.6
2017-03-06,20:42:03.720,0,0,0,0,0,-1024,0,0,0,0,0,-1,1,0,0,0,1,0,-1,0x0000000000004009,5.6
2017-03-06,20:42:03.920,0,0,0,0,0,-1024,0,0,0,0,0,-1,1,0,0,0,1,0,-1,0x0000000000004009,5.6
2017-03-06,20:42:04.120,0,0,0,0,0,-1024,0,0,0,0,0,-1,1,0,0,0,1,0,-1,0x0000000000004009,5.6
2017-03-06,20:42:04.320,0,0,0,0,0,-1024,0,0,0,0,0,-1,1,0,0,0,1,0,-1,0x0000000000004009,5.6
2017-03-06,20:42:04.520,0,0,0,0,0,-1024,0,0,0,0,0,-1,1,0,0,0,1,0,-1,0x0000000000004009,5.6
2017-03-06,20:42:04.720,0,0,0,0,0,-1024,0,0,0,0,0,-1,1,0,0,0,1,0,-1,0x0000000000004009,5.6
2017-03-06,20:42:04.920,0,0,0,0,0,-1024,0,0,0,0,0,-1,1,0,0,0,1,0,-1,0x0000000000004009,5.6
2017-03-06,20:42:05.120,0,0,0,0,0,-1024,0,0,0,0,0,-1,1,0,0,0,1,0,-1,0x0000000000004009,5.6
2017-03-06,20:42:05.320,0,0,0,0,0,-1024,0,0,0,0,0,-1,1,0,0,0,1,0,-1,0x0000000000004009,5.6
2017-03-06,20:42:05.520,0,0,0,0,0,-1024,0,0,0,0,0,-1,1,0,0,0,1,0,-1,0x0000000000004009,5.6
2017-03-06,20:42:05.720,0,0,0,0,0,-1024,0,0,0,0,0,-1,1,0,0,0,1,0,-1,0x0000000000004009,5.6
2017-03-06,20:42:05.920,0,0,0,0,0,-1024,0,0,0,0,0,-1,1,0,0,0,1,0,-1,0x0000000000004009,5.6
2017-03-06,20:42:06.120,0,0,0,0,0,-1024,0,0,0,0,0,-1,1,0,0,0,1,0,-1,0x0000000000004009,5.6
2017-03-06,20:42:06.320,0,0,0,0,0,-1024,0,0,0,0,0,-1,1,0,0,0,1,0,-1,0x0000000000004009,5.6
2017-03-06,20:42:06.520,0,0,0,0,0,-1024,0,0,0,0,0,-1,1,0,0,0,1,0,-1,0x0000000000004009,5.6
2017-03-06,20:42:06.720,0,0,0,0,0,-1024,0,0,0,0,0,-1,1,0,0,0,1,0,-1,0x0000000000004009,5.6
2017-03-06,20:42:06.920,0,0,0,0,0,-1024,0,0,0,0,0,-1,1,0,0,0,1,0,-1,0x0000000000004009,5.6
2017-03-06,20:42:07.120,0,0,0,0,0,-1024,0,0,0,0,0,-1,1,0,0,0,1,0,-1,0x0000000000004009,5.6
2017-03-06,20:42:07.320,0,0,0,0,0,-1024,0,0,0,0,0,-1,1,0,0,0,1,0,-1,0x0000000000004009,5.6
2017-03-06,20:42:07.520,0,0,0,0,0,-1024,0,0,0,0,0,-1,1,0,0,0,1,0,-1,0x0000000000004009,5.6
2017-03-06,20:42:07.720,0,0,0,0,0,-1024,0,0,0,0,0,-1,1,0,0,0,1,0,-1,0x0000000000004009,5.6
2017-03-06,20:42:07.920,0,0,0,0,0,-1024,0,0,0,0,0,-1,1,0,0,0,1,0,-1,0x0000000000004009,5.6
2017-03-06,20:42:08.120,0,0,0,0,0,-1024,0,0,0,0,0,-1,1,0,0,0,1,0,-1,0x0000000000004009,5.6
2017-03-06,20:42:08.320,0,0,0,0,0,-1024,0,0,0,0,0,-1,1,0,0,0,1,0,-1,0x0000000000004009,5.6
2017-03-06,20:42:08.520,0,0,0,0,0,-1024,0,0,0,0,0,-1,1,0,0,0,1,0,-1,0x0000000000004009,5.6
2017-03-06,20:42:08.720,0,0,0,0,0,-1024,0,0,0,0,0,-1,1,0,0,0,1,0,-1,0x0000000000004009,5.6
2017-03-06,20:42:08.920,0,0,0,0,0,-1024,0,0,0,0,0,-1,1,0,0,0,1,0,-1,0x0000000000004009,5.6
2017-03-06,20:42:09.120,0,0,0,0,0,-1024,0,0,0,0,0,-1,1,0,0,0,1,0,-1,0x0000000000004009,5.6
2017-03-06,20:42:09.320,0,0,0,0,0,-1024,0,0,0,0,0,-1,1,0,0,0,1,0,-1,0x0000000000004009,5.6
2017-03-06,20:42:09.520,0,0,0,0,0,-1024,0,0,0,0,0,-1,1,0,0,0,1,0,-1,0x0000000000004009,5.6
2017-03-06,20:42:09.720,0,0,0,0,0,-1024,0,0,0,0,0,-1,1,0,0,0,1,0,-1,0x0000000000004009,5.6
2017-03-06,20:42:09.920,0,0,0,0,0,-1024,0,0,0,0,0,-1,1,0,0,0,1,0,-1,0x0000000000004009,5.6
2017-03-06,20:42:10.120,0,0,0,0,0,-1024,0,0,0,0,0,-1,1,0,0,0,1,0,-1,0x0000000000004009,5.6
2017-03-06,20:42:10.320,0,0,0,0,0,-1024,0,0,0,0,0,-1,1,0,0,0,1,0,-1,0x0000000000004009,5.6
2017-03-06,20:42:10.520,0,0,0,0,0,-1024,0,0,0,0,0,-1,1,0,0,0,1,0,-1,0x0000000000004009,5.6
2017-03-06,20:42:10.720,0,0,0,0,0,-1024,0,0,0,0,0,-1,1,0,0,0,1,0,-1,0x0000000000004009,5.6
2017-03-06,20:42:10.920,0,0,0,0,0,-1024,0,0,0,0,0,-1,1,0,0,0,1,0,-1,0x0000000000004009,5.6
2017-03-06,20:42:11.120,0,0,0,0,0,-1024,0,0,0,0,0,-1,1,0,0,0,1,0,-1,0x0000000000004009,5.6
2017-03-06,20:42:11.320,0,0,0,0,0,-1024,0,0,0,0,0,-1,1,0,0,0,1,0,-1,0x0000000000004009,5.6
2017-03-06,20:42:11.530,0,0,0,0,0,-1024,0,0,0,0,0,-1,1,0,0,0,1,0,-1,0x0000000000004009,5.6
2017-03-06,20:42:11.730,0,0,0,0,0,-1024,0,0,0,0,0,-1,1,0,0,0,1,0,-1,0x0000000000004009,5.6
2017-03-06,20:42:11.930,0,0,0,0,0,-1024,0,0,0,0,0,-1,1,0,0,0,1,0,-1,0x0000000000004009,5.6
2017-03-06,20:42:12.170,0,0,0,0,0,-1024,0,0,0,0,0,-1,1,0,0,0,1,0,-1,0x0000000000004009,5.6
2017-03-06,20:42:12.370,0,0,0,0,0,-1024,0,0,0,0,0,-1,1,0,0,0,1,0,-1,0x0000000000004009,5.6
2017-03-06,20:42:12.580,0,0,0,0,0,-1024,0,0,0,0,0,-1,1,0,0,0,1,0,-1,0x0000000000004009,5.6
2017-03-06,20:42:12.780,0,0,0,0,0,-1024,0,0,0,0,0,-1,1,0,0,0,1,0,-1,0x0000000000004009,5.6
2017-03-06,20:42:12.980,0,0,0,0,0,-1024,0,0,0,0,0,-1,1,0,0,0,1,0,-1,0x0000000000004009,5.6
2017-03-06,20:42:13.180,0,0,0,0,0,-1024,0,0,0,0,0,-1,1,0,0,0,1,0,-1,0x0000000000004009,5.6
2017-03-06,20:42:13.380,0,0,0,0,0,-1024,0,0,0,0,0,-1,1,0,0,0,1,0,-1,0x0000000000004009,5.6
2017-03-06,20:42:13.580,0,0,0,0,0,-1024,0,0,0,0,0,-1,1,0,0,0,1,0,-1,0x0000000000004009,5.6
2017-03-06,20:42:13.780,0,0,0,0,0,-1024,0,0,0,0,0,-1,1,0,0,0,1,0,-1,0x0000000000004009,5.6
2017-03-06,20:42:13.980,0,0,0,0,0,-1024,0,0,0,0,0,-1,1,0,0,0,1,0,-1,0x0000000000004009,5.6
2017-03-06,20:42:14.220,0,0,0,0,0,-1024,0,0,0,0,0,-1,1,0,0,0,1,0,-1,0x0000000000004009,5.6
2017-03-06,20:42:14.430,0,0,0,0,0,-1024,0,0,0,0,0,-1,1,0,0,0,1,0,-1,0x0000000000004009,5.6
2017-03-06,20:42:14.680,0,0,0,0,0,-1024,0,0,0,0,0,-1,1,0,0,0,1,0,-1,0x0000000000004009,5.6
2017-03-06,20:42:14.880,0,0,0,0,0,-1024,0,0,0,0,0,-1,1,0,0,0,1,0,-1,0x0000000000004009,5.6
2017-03-06,20:42:15.080,0,0,0,0,0,-1024,0,0,0,0,0,-1,1,0,0,0,1,0,-1,0x0000000000004009,5.6
2017-03-06,20:42:15.280,0,0,0,0,0,-1024,0,0,0,0,0,-1,1,0,0,0,1,0,-1,0x0000000000004009,5.6
2017-03-06,20:42:15.480,0,0,0,0,0,-1024,0,0,0,0,0,-1,1,0,0,0,1,0,-1,0x0000000000004009,5.6
2017-03-06,20:42:15.680,0,0,0,0,0,-1024,0,0,0,0,0,-1,1,0,0,0,1,0,-1,0x0000000000004009,5.6
2017-03-06,20:42:15.880,0,0,0,0,0,-1024,0,0,0,0,0,-1,1,0,0,0,1,0,-1,0x0000000000004009,5.6
2017-03-06,20:42:16.080,0,0,0,0,0,-1024,0,0,0,0,0,-1,1,0,0,0,1,0,-1,0x0000000000004009,5.6
2017-03-06,20:42:16.280,0,0,0,0,0,-1024,0,0,0,0,0,-1,1,0,0,0,1,0,-1,0x0000000000004009,5.6
2017-03-06,20:42:16.480,0,0,0,0,0,-1024,0,0,0,0,0,-1,1,0,0,0,1,0,-1,0x0000000000004009,5.6
2017-03-06,20:42:16.680,0,0,0,0,0,-1024,0,0,0,0,0,-1,1,0,0,0,1,0,-1,0x0000000000004009,5.6
2017-03-06,20:42:16.880,0,0,0,0,0,-1024,0,0,0,0,0,-1,1,0,0,0,1,0,-1,0x0000000000004009,5.6
2017-03-06,20:42:17.080,0,0,0,0,0,-1024,0,0,0,0,0,-1,1,0,0,0,1,0,-1,0x0000000000004009,5.6
2017-03-06,20:42:17.280,0,0,0,0,0,-1024,0,0,0,0,0,-1,1,0,0,0,1,0,-1,0x0000000000004009,5.6
2017-03-06,20:42:17.480,0,0,0,0,0,-1024,0,0,0,0,0,-1,1,0,0,0,1,0,-1,0x0000000000004009,5.6
2017-03-06,20:42:17.680,0,0,0,0,0,-1024,0,0,0,0,0,-1,1,0,0,0,1,0,-1,0x0000000000004009,5.6
2017-03-06,20:42:17.880,0,0,0,0,0,-1024,0,0,0,0,0,-1,1,0,0,0,1,0,-1,0x0000000000004009,5.6
2017-03-06,20:42:18.100,0,0,0,0,0,-1024,0,0,0,0,0,-1,1,0,0,0,1,0,-1,0x0000000000004009,5.6
2017-03-06,20:42:18.300,0,0,0,0,0,-1024,0,0,0,0,0,-1,1,0,0,0,1,0,-1,0x0000000000004009,5.6
2017-03-06,20:42:18.500,0,0,0,0,0,-1024,0,0,0,0,0,-1,1,0,0,0,1,0,-1,0x0000000000004009,5.6
2017-03-06,20:42:18.700,0,0,0,0,0,-1024,0,0,0,0,0,-1,1,0,0,0,1,0,-1,0x0000000000004009,5.6
2017-03-06,20:42:18.900,0,0,0,0,0,-1024,0,0,0,0,0,-1,1,0,0,0,1,0,-1,0x0000000000004009,5.6
2017-03-06,20:42:19.110,0,0,0,0,0,-1024,0,0,0,0,0,-1,1,0,0,0,1,0,-1,0x0000000000004009,5.6
2017-03-06,20:42:19.310,0,0,0,0,0,-1024,0,0,0,0,0,-1,1,0,0,0,1,0,-1,0x0000000000004009,5.6
2017-03-06,20:42:19.510,0,0,0,0,0,-1024,0,0,0,0,0,-1,1,0,0,0,1,0,-1,0x0000000000004009,5.6
2017-03-06,20:42:19.710,0,0,0,0,0,-1024,0,0,0,0,0,-1,1,0,0,0,1,0,-1,0x0000000000004009,5.6
2017-03-06,20:42:19.910,0,0,0,0,0,-1024,0,0,0,0,0,-1,1,0,0,0,1,0,-1,0x0000000000004009,5.6
2017-03-06,20:42:20.110,0,0,0,0,0,-1024,0,0,0,0,0,-1,1,0,0,0,1,0,-1,0x0000000000004009,5.6
2017-03-06,20:42:20.310,0,0,0,0,0,-1024,0,0,0,0,0,-1,1,0,0,0,1,0,-1,0x0000000000004009,5.6
2017-03-06,20:42:20.510,0,0,0,0,0,-1024,0,0,0,0,0,-1,1,0,0,0,1,0,-1,0x0000000000004009,5.6
2017-03-06,20:42:20.710,0,0,0,0,0,-1024,0,0,0,0,0,-1,1,0,0,0,1,0,-1,0x0000000000004009,5.6
2017-03-06,20:42:20.910,0,0,0,0,0,-1024,0,0,0,0,0,-1,1,0,0,0,1,0,-1,0x0000000000004009,5.6
2017-03-06,20:42:21.110,0,0,0,0,0,-1024,0,0,0,0,0,-1,1,0,0,0,1,0,-1,0x0000000000004009,5.6
2017-03-06,20:42:21.310,0,0,0,0,0,-1024,0,0,0,0,0,-1,1,0,0,0,1,0,-1,0x0000000000004009,5.6
2017-03-06,20:42:21.510,0,0,0,0,0,-1024,0,0,0,0,0,-1,1,0,0,0,1,0,-1,0x0000000000004009,5.6
2017-03-06,20:42:21.710,0,0,0,0,0,-1024,0,0,0,0,0,-1,1,0,0,0,1,0,-1,0x0000000000004009,5.6
2017-03-06,20:42:21.910,0,0,0,0,0,-1024,0,0,0,0,0,-1,1,0,0,0,1,0,-1,0x0000000000004009,5.6
2017-03-06,20:42:22.110,0,0,0,0,0,-1024,0,0,0,0,0,-1,1,0,0,0,1,0,-1,0x0000000000004009,5.6
2017-03-06,20:42:22.310,0,0,0,0,0,-1024,0,0,0,0,0,-1,1,0,0,0,1,0,-1,0x0000000000004009,5.6
2017-03-06,20:42:22.510,0,0,0,0,0,-1024,0,0,0,0,0,-1,1,0,0,0,1,0,-1,0x0000000000004009,5.6
2017-03-06,20:42:22.710,0,0,0,0,0,-1024,0,0,0,0,0,-1,1,0,0,0,1,0,-1,0x0000000000004009,5.6
2017-03-06,20:42:22.910,0,0,0,0,0,-1024,0,0,0,0,0,-1,1,0,0,0,1,0,-1,0x0000000000004009,5.6
2017-03-06,20:42:23.110,0,0,0,0,0,-1024,0,0,0,0,0,-1,1,0,0,0,1,0,-1,0x0000000000004009,5.6
2017-03-06,20:42:23.310,0,0,0,0,0,-1024,0,0,0,0,0,-1,1,0,0,0,1,0,-1,0x0000000000004009,5.6
2017-03-06,20:42:23.510,0,0,0,0,0,-1024,0,0,0,0,0,-1,1,0,0,0,1,0,-1,0x0000000000004009,5.6
2017-03-06,20:42:23.710,0,0,0,0,0,-1024,0,0,0,0,0,-1,1,0,0,0,1,0,-1,0x0000000000004009,5.6
2017-03-06,20:42:23.910,0,0,0,0,0,-1024,0,0,0,0,0,-1,1,0,0,0,1,0,-1,0x0000000000004009,5.6
2017-03-06,20:42:24.110,0,0,0,0,0,-1024,0,0,0,0,0,-1,1,0,0,0,1,0,-1,0x0000000000004009,5.6
2017-03-06,20:42:24.320,0,0,0,0,0,-1024,0,0,0,0,0,-1,1,0,0,0,1,0,-1,0x0000000000004009,5.6
2017-03-06,20:42:24.560,0,0,0,0,0,-1024,0,0,0,0,0,-1,1,0,0,0,1,0,-1,0x0000000000004009,5.6
2017-03-06,20:42:24.760,0,0,0,0,0,-1024,0,0,0,0,0,-1,1,0,0,0,1,0,-1,0x0000000000004009,5.6
2017-03-06,20:42:24.960,0,0,0,0,0,-1024,0,0,0,0,0,-1,1,0,0,0,1,0,-1,0x0000000000004009,5.6
2017-03-06,20:42:25.160,0,0,0,0,0,-1024,0,0,0,0,0,-1,1,0,0,0,1,0,-1,0x0000000000004009,5.6
2017-03-06,20:42:25.370,0,0,0,0,0,-1024,0,0,0,0,0,-1,1,0,0,0,1,0,-1,0x0000000000004009,5.6
2017-03-06,20:42:25.570,0,0,0,0,0,-1024,0,0,0,0,0,-1,1,0,0,0,1,0,-1,0x0000000000004009,5.6
2017-03-06,20:42:25.770,0,0,0,0,0,-1024,0,0,0,0,0,-1,1,0,0,0,1,0,-1,0x0000000000004009,5.6
2017-03-06,20:42:25.970,0,0,0,0,0,-1024,0,0,0,0,0,-1,1,0,0,0,1,0,-1,0x0000000000004009,5.6
2017-03-06,20:42:26.170,0,0,0,0,0,-1024,0,0,0,0,0,-1,1,0,0,0,1,0,-1,0x0000000000004009,5.6
2017-03-06,20:42:26.370,0,0,0,0,0,-1024,0,0,0,0,0,-1,1,0,0,0,1,0,-1,0x0000000000004009,5.6
2017-03-06,20:42:26.570,0,0,0,0,0,-1024,0,0,0,0,0,-1,1,0,0,0,1,0,-1,0x0000000000004009,5.6
2017-03-06,20:42:26.770,0,0,0,0,0,-1024,0,0,0,0,0,-1,1,0,0,0,1,0,-1,0x0000000000004009,5.6
2017-03-06,20:42:26.980,0,0,0,0,0,-1024,0,0,0,0,0,-1,1,0,0,0,1,0,-1,0x0000000000004009,5.6
2017-03-06,20:42:27.180,0,0,0,0,0,-1024,0,0,0,0,0,-1,1,0,0,0,1,0,-1,0x0000000000004009,5.6
2017-03-06,20:42:27.380,0,0,0,0,0,-1024,0,0,0,0,0,-1,1,0,0,0,1,0,-1,0x0000000000004009,5.6
2017-03-06,20:42:27.580,0,0,0,0,0,-1024,0,0,0,0,0,-1,1,0,0,0,1,0,-1,0x0000000000004009,5.6
2017-03-06,20:42:27.780,0,0,0,0,0,-1024,0,0,0,0,0,-1,1,0,0,0,1,0,-1,0x0000000000004009,5.6
2017-03-06,20:42:27.980,0,0,0,0,0,-1024,0,0,0,0,0,-1,1,0,0,0,1,0,-1,0x0000000000004009,5.6
2017-03-06,20:42:28.180,0,0,0,0,0,-1024,0,0,0,0,0,-1,1,0,0,0,1,0,-1,0x0000000000004009,5.6
2017-03-06,20:42:28.380,0,0,0,0,0,-1024,0,0,0,0,0,-1,1,0,0,0,1,0,-1,0x0000000000004009,5.6
2017-03-06,20:42:28.580,0,0,0,0,0,-1024,0,0,0,0,0,-1,1,0,0,0,1,0,-1,0x0000000000004009,5.6
2017-03-06,20:42:28.780,0,0,0,0,0,-1024,0,0,0,0,0,-1,1,0,0,0,1,0,-1,0x0000000000004009,5.6
2017-03-06,20:42:28.980,0,0,0,0,0,-1024,0,0,0,0,0,-1,1,0,0,0,1,0,-1,0x0000000000004009,5.6
2017-03-06,20:42:29.180,0,0,0,0,0,-1024,0,0,0,0,0,-1,1,0,0,0,1,0,-1,0x0000000000004009,5.6
2017-03-06,20:42:29.380,0,0,0,0,0,-1024,0,0,0,0,0,-1,1,0,0,0,1,0,-1,0x0000000000004009,5.6
2017-03-06,20:42:29.580,0,0,0,0,0,-1024,0,0,0,0,0,-1,1,0,0,0,1,0,-1,0x0000000000004009,5.6
2017-03-06,20:42:29.780,0,0,0,0,0,-1024,0,0,0,0,0,-1,1,0,0,0,1,0,-1,0x0000000000004009,5.6
2017-03-06,20:42:29.980,0,0,0,0,0,-1024,0,0,0,0,0,-1,1,0,0,0,1,0,-1,0x0000000000004009,5.6
2017-03-06,20:42:30.180,0,0,0,0,0,-1024,0,0,0,0,0,-1,1,0,0,0,1,0,-1,0x0000000000004009,5.6
2017-03-06,20:42:30.380,0,0,0,0,0,-1024,0,0,0,0,0,-1,1,0,0,0,1,0,-1,0x0000000000004009,5.6
2017-03-06,20:42:30.580,0,0,0,0,0,-1024,0,0,0,0,0,-1,1,0,0,0,1,0,-1,0x0000000000004009,5.6
2017-03-06,20:42:30.780,0,0,0,0,0,-1024,0,0,0,0,0,-1,1,0,0,0,1,0,-1,0x0000000000004009,5.6
2017-03-06,20:42:30.980,0,0,0,0,0,-1024,0,0,0,0,0,-1,1,0,0,0,1,0,-1,0x0000000000004009,5.6
2017-03-06,20:42:31.180,0,0,0,0,0,-1024,0,0,0,0,0,-1,1,0,0,0,1,0,-1,0x0000000000004009,5.6
2017-03-06,20:42:31.380,0,0,0,0,0,-1024,0,0,0,0,0,-1,1,0,0,0,1,0,-1,0x0000000000004009,5.6
2017-03-06,20:42:31.580,0,0,0,0,0,-1024,0,0,0,0,0,-1,1,0,0,0,1,0,-1,0x0000000000004009,5.6
2017-03-06,20:42:31.780,0,0,0,0,0,-1024,0,0,0,0,0,-1,1,0,0,0,1,0,-1,0x0000000000004009,5.6
2017-03-06,20:42:31.980,0,0,0,0,0,-1024,0,0,0,0,0,-1,1,0,0,0,1,0,-1,0x0000000000004009,5.6
2017-03-06,20:42:32.180,0,0,0,0,0,-1024,0,0,0,0,0,-1,1,0,0,0,1,0,-1,0x0000000000004009,5.6
2017-03-06,20:42:32.380,0,0,0,0,0,-1024,0,0,0,0,0,-1,1,0,0,0,1,0,-1,0x0000000000004009,5.6
2017-03-06,20:42:32.590,0,0,0,0,0,-1024,0,0,0,0,0,-1,1,0,0,0,1,0,-1,0x0000000000004009,5.6
2017-03-06,20:42:32.790,0,0,0,0,0,-1024,0,0,0,0,0,-1,1,0,0,0,1,0,-1,0x0000000000004009,5.6
2017-03-06,20:42:32.990,0,0,0,0,0,-1024,0,0,0,0,0,-1,1,0,0,0,1,0,-1,0x0000000000004009,5.6
2017-03-06,20:42:33.190,0,0,0,0,0,-1024,0,0,0,0,0,-1,1,0,0,0,1,0,-1,0x0000000000004009,5.6
2017-03-06,20:42:33.390,0,0,0,0,0,-1024,0,0,0,0,0,-1,1,0,0,0,1,0,-1,0x0000000000004009,5.6
2017-03-06,20:42:33.590,0,0,0,0,0,-1024,0,0,0,0,0,-1,1,0,0,0,1,0,-1,0x0000000000004009,5.6
2017-03-06,20:42:33.790,0,0,0,0,0,-1024,0,0,0,0,0,-1,1,0,0,0,1,0,-1,0x0000000000004009,5.6
2017-03-06,20:42:33.990,0,0,0,0,0,-1024,0,0,0,0,0,-1,1,0,0,0,1,0,-1,0x0000000000004009,5.6
2017-03-06,20:42:34.190,0,0,0,0,0,-1024,0,0,0,0,0,-1,1,0,0,0,1,0,-1,0x0000000000004009,5.6
2017-03-06,20:42:34.390,0,0,0,0,0,-1024,0,0,0,0,0,-1,1,0,0,0,1,0,-1,0x0000000000004009,5.6
2017-03-06,20:42:34.590,0,0,0,0,0,-1024,0,0,0,0,0,-1,1,0,0,0,1,0,-1,0x0000000000004009,5.6
2017-03-06,20:42:34.790,0,0,0,0,0,-1024,0,0,0,0,0,-1,1,0,0,0,1,0,-1,0x0000000000004009,5.6
2017-03-06,20:42:34.990,0,0,0,0,0,-1024,0,0,0,0,0,-1,1,0,0,0,1,0,-1,0x0000000000004009,5.6
2017-03-06,20:42:35.190,0,0,0,0,0,-1024,0,0,0,0,0,-1,1,0,0,0,1,0,-1,0x0000000000004009,5.6
2017-03-06,20:42:35.390,0,0,0,0,0,-1024,0,0,0,0,0,-1,1,0,0,0,1,0,-1,0x0000000000004009,5.6
2017-03-06,20:42:35.590,0,0,0,0,0,-1024,0,0,0,0,0,-1,1,0,0,0,1,0,-1,0x0000000000004009,5.6
2017-03-06,20:42:35.790,0,0,0,0,0,-1024,0,0,0,0,0,-1,1,0,0,0,1,0,-1,0x0000000000004009,5.6
2017-03-06,20:42:35.990,0,0,0,0,0,-1024,0,0,0,0,0,-1,1,0,0,0,1,0,-1,0x0000000000004009,5.6
2017-03-06,20:42:36.190,0,0,0,0,0,-1024,0,0,0,0,0,-1,1,0,0,0,1,0,-1,0x0000000000004009,5.6
2017-03-06,20:42:36.390,0,0,0,0,0,-1024,0,0,0,0,0,-1,1,0,0,0,1,0,-1,0x0000000000004009,5.6
2017-03-06,20:42:36.590,0,0,0,0,0,-1024,0,0,0,0,0,-1,1,0,0,0,1,0,-1,0x0000000000004009,5.6
2017-03-06,20:42:36.790,0,0,0,0,0,-1024,0,0,0,0,0,-1,1,0,0,0,1,0,-1,0x0000000000004009,5.6
2017-03-06,20:42:36.990,0,0,0,0,0,-1024,0,0,0,0,0,-1,1,0,0,0,1,0,-1,0x0000000000004009,5.6
2017-03-06,20:42:37.190,0,0,0,0,0,-1024,0,0,0,0,0,-1,1,0,0,0,1,0,-1,0x0000000000004009,5.6
2017-03-06,20:42:37.390,0,0,0,0,0,-1024,0,0,0,0,0,-1,1,0,0,0,1,0,-1,0x0000000000004009,5.6
2017-03-06,20:42:37.590,0,0,0,0,0,-1024,0,0,0,0,0,-1,1,0,0,0,1,0,-1,0x0000000000004009,5.6
2017-03-06,20:42:37.790,0,0,0,0,0,-1024,0,0,0,0,0,-1,1,0,0,0,1,0,-1,0x0000000000004009,5.6
2017-03-06,20:42:37.990,0,0,0,0,0,-1024,0,0,0,0,0,-1,1,0,0,0,1,0,-1,0x0000000000004009,5.6
2017-03-06,20:42:38.190,0,0,0,0,0,-1024,0,0,0,0,0,-1,1,0,0,0,1,0,-1,0x0000000000004009,5.6
2017-03-06,20:42:38.390,0,0,0,0,0,-1024,0,0,0,0,0,-1,1,0,0,0,1,0,-1,0x0000000000004009,5.6
2017-03-06,20:42:38.590,0,0,0,0,0,-1024,0,0,0,0,0,-1,1,0,0,0,1,0,-1,0x0000000000004009,5.6
2017-03-06,20:42:38.790,0,0,0,0,0,-1024,0,0,0,0,0,-1,1,0,0,0,1,0,-1,0x0000000000004009,5.6
2017-03-06,20:42:38.990,0,0,0,0,0,-1024,0,0,0,0,0,-1,1,0,0,0,1,0,-1,0x0000000000004009,5.6
2017-03-06,20:42:39.190,0,0,0,0,0,-1024,0,0,0,0,0,-1,1,0,0,0,1,0,-1,0x0000000000004009,5.6
2017-03-06,20:42:39.390,0,0,0,0,0,-1024,0,0,0,0,0,-1,1,0,0,0,1,0,-1,0x0000000000004009,5.6
2017-03-06,20:42:39.590,0,0,0,0,0,-1024,0,0,0,0,0,-1,1,0,0,0,1,0,-1,0x0000000000004009,5.6
2017-03-06,20:42:39.790,0,0,0,0,0,-1024,0,0,0,0,0,-1,1,0,0,0,1,0,-1,0x0000000000004009,5.6
2017-03-06,20:42:39.990,0,0,0,0,0,-1024,0,0,0,0,0,-1,1,0,0,0,1,0,-1,0x0000000000004009,5.6
2017-03-06,20:42:40.190,0,0,0,0,0,-1024,0,0,0,0,0,-1,1,0,0,0,1,0,-1,0x0000000000004009,5.6
2017-03-06,20:42:40.390,0,0,0,0,0,-1024,0,0,0,0,0,-1,1,0,0,0,1,0,-1,0x0000000000004009,5.6
2017-03-06,20:42:40.590,0,0,0,0,0,-1024,0,0,0,0,0,-1,1,0,0,0,1,0,-1,0x0000000000004009,5.6
2017-03-06,20:42:40.790,0,0,0,0,0,-1024,0,0,0,0,0,-1,1,0,0,0,1,0,-1,0x0000000000004009,5.6
2017-03-06,20:42:40.990,0,0,0,0,0,-1024,0,0,0,0,0,-1,1,0,0,0,1,0,-1,0x0000000000004009,5.6
2017-03-06,20:42:41.190,0,0,0,0,0,-1024,0,0,0,0,0,-1,1,0,0,0,1,0,-1,0x0000000000004009,5.6
2017-03-06,20:42:41.390,0,0,0,0,0,-1024,0,0,0,0,0,-1,1,0,0,0,1,0,-1,0x0000000000004009,5.6
2017-03-06,20:42:41.600,0,0,0,0,0,-1024,0,0,0,0,0,-1,1,0,0,0,1,0,-1,0x0000000000004009,5.6
2017-03-06,20:42:41.850,0,0,0,0,0,-1024,0,0,0,0,0,-1,1,0,0,0,1,0,-1,0x0000000000004009,5.6
2017-03-06,20:42:42.100,0,0,0,0,0,-1024,0,0,0,0,0,-1,1,0,0,0,1,0,-1,0x0000000000004009,5.6
2017-03-06,20:42:42.300,0,0,0,0,0,-1024,0,0,0,0,0,-1,1,0,0,0,1,0,-1,0x0000000000004009,5.6
2017-03-06,20:42:42.550,0,0,0,0,0,-1024,0,0,0,0,0,-1,1,0,0,0,1,0,-1,0x0000000000004009,5.6
2017-03-06,20:42:42.750,0,0,0,0,0,-1024,0,0,0,0,0,-1,1,0,0,0,1,0,-1,0x0000000000004009,5.6
2017-03-06,20:42:42.950,0,0,0,0,0,-1024,0,0,0,0,0,-1,1,0,0,0,1,0,-1,0x0000000000004009,5.6
2017-03-06,20:42:43.150,0,0,0,0,0,-1024,0,0,0,0,0,-1,1,0,0,0,1,0,-1,0x0000000000004009,5.6
2017-03-06,20:42:43.350,0,0,0,0,0,-1024,0,0,0,0,0,-1,1,0,0,0,1,0,-1,0x0000000000004009,5.6
2017-03-06,20:42:43.600,0,0,0,0,0,-1024,0,0,0,0,0,-1,1,0,0,0,1,0,-1,0x0000000000004009,5.6
2017-03-06,20:42:43.800,0,0,0,0,0,-1024,0,0,0,0,0,-1,1,0,0,0,1,0,-1,0x0000000000004009,5.6
2017-03-06,20:42:44.000,0,0,0,0,0,-1024,0,0,0,0,0,-1,1,0,0,0,1,0,-1,0x0000000000004009,5.6
2017-03-06,20:42:44.200,0,0,0,0,0,-1024,0,0,0,0,0,-1,1,0,0,0,1,0,-1,0x0000000000004009,5.6
2017-03-06,20:42:44.400,0,0,0,0,0,-1024,0,0,0,0,0,-1,1,0,0,0,1,0,-1,0x0000000000004009,5.6
2017-03-06,20:42:44.600,0,0,0,0,0,-1024,0,0,0,0,0,-1,1,0,0,0,1,0,-1,0x0000000000004009,5.6
2017-03-06,20:42:44.800,0,0,0,0,0,-1024,0,0,0,0,0,-1,1,0,0,0,1,0,-1,0x0000000000004009,5.6
2017-03-06,20:42:45.000,0,0,0,0,0,-1024,0,0,0,0,0,-1,1,0,0,0,1,0,-1,0x0000000000004009,5.6
2017-03-06,20:42:45.200,0,0,0,0,0,-1024,0,0,0,0,0,-1,1,0,0,0,1,0,-1,0x0000000000004009,5.6
2017-03-06,20:42:45.400,0,0,0,0,0,-1024,0,0,0,0,0,-1,1,0,0,0,1,0,-1,0x0000000000004009,5.6
2017-03-06,20:42:45.600,0,0,0,0,0,-1024,0,0,0,0,0,-1,1,0,0,0,1,0,-1,0x0000000000004009,5.6
2017-03-06,20:42:45.800,0,0,0,0,0,-1024,0,0,0,0,0,-1,1,0,0,0,1,0,-1,0x0000000000004009,5.6
2017-03-06,20:42:46.000,0,0,0,0,0,-1024,0,0,0,0,0,-1,1,0,0,0,1,0,-1,0x0000000000004009,5.6
2017-03-06,20:42:46.200,0,0,0,0,0,-1024,0,0,0,0,0,-1,1,0,0,0,1,0,-1,0x0000000000004009,5.6
2017-03-06,20:42:46.400,0,0,0,0,0,-1024,0,0,0,0,0,-1,1,0,0,0,1,0,-1,0x0000000000004009,5.6
2017-03-06,20:42:46.600,0,0,0,0,0,-1024,0,0,0,0,0,-1,1,0,0,0,1,0,-1,0x0000000000004009,5.6
2017-03-06,20:42:46.800,0,0,0,0,0,-1024,0,0,0,0,0,-1,1,0,0,0,1,0,-1,0x0000000000004009,5.6
2017-03-06,20:42:47.000,0,0,0,0,0,-1024,0,0,0,0,0,-1,1,0,0,0,1,0,-1,0x0000000000004009,5.6
2017-03-06,20:42:47.200,0,0,0,0,0,-1024,0,0,0,0,0,-1,1,0,0,0,1,0,-1,0x0000000000004009,5.6
2017-03-06,20:42:47.400,0,0,0,0,0,-1024,0,0,0,0,0,-1,1,0,0,0,1,0,-1,0x0000000000004009,5.6
2017-03-06,20:42:47.600,0,0,0,0,0,-1024,0,0,0,0,0,-1,1,0,0,0,1,0,-1,0x0000000000004009,5.6
2017-03-06,20:42:47.800,0,0,0,0,0,-1024,0,0,0,0,0,-1,1,0,0,0,1,0,-1,0x0000000000004009,5.6
